date,market_regime,market_strength
2024-10-28,WEAK_BEAR,26.4
2024-10-29,WEAK_BEAR,28.04
2024-10-30,WEAK_BEAR,34.0
2024-10-31,WEAK_BEAR,38.02
2024-11-01,WEAK_BEAR,46.05
2024-11-04,WEAK_BEAR,38.17
2024-11-05,WEAK_BEAR,41.77
2024-11-06,WEAK_BEAR,51.4
2024-11-07,WEAK_BEAR,49.56
2024-11-08,WEAK_BEAR,44.5
2024-11-11,WEAK_BEAR,41.49
2024-11-12,WEAK_BEAR,36.31
2024-11-13,WEAK_BEAR,27.52
2024-11-14,WEAK_BEAR,28.48
2024-11-18,WEAK_BEAR,28.2
2024-11-19,WEAK_BEAR,30.72
2024-11-20,WEAK_BEAR,30.48
2024-11-21,WEAK_BEAR,28.03
2024-11-22,WEAK_BEAR,30.97
2024-11-25,WEAK_BEAR,36.54
2024-11-26,WEAK_BEAR,38.76
2024-11-27,WEAK_BEAR,42.82
2024-11-28,WEAK_BEAR,45.09
2024-11-29,WEAK_BEAR,48.15
2024-12-02,SIDEWAYS,52.8
2024-12-03,SIDEWAYS,58.78000000000001
2024-12-04,WEAK_BULL,61.49000000000001
2024-12-05,WEAK_BULL,63.55
2024-12-06,WEAK_BULL,66.15
2024-12-09,WEAK_BULL,66.73
2024-12-10,WEAK_BULL,67.84
2024-12-11,WEAK_BULL,68.98
2024-12-12,WEAK_BULL,65.44
2024-12-13,WEAK_BULL,63.7
2024-12-16,WEAK_BULL,63.81999999999999
2024-12-17,WEAK_BULL,59.85
2024-12-18,WEAK_BULL,53.07
2024-12-19,SIDEWAYS,49.57
2024-12-20,SIDEWAYS,40.54
2024-12-23,WEAK_BEAR,38.79
2024-12-24,WEAK_BEAR,38.81
2024-12-25,WEAK_BEAR,38.37
2024-12-26,WEAK_BEAR,37.27
2024-12-27,WEAK_BEAR,37.59
2024-12-30,WEAK_BEAR,35.43
2024-12-31,WEAK_BEAR,37.35
2025-01-01,SIDEWAYS,42.23
2025-01-02,WEAK_BULL,47.22
2025-01-03,SIDEWAYS,48.13
2025-01-06,WEAK_BEAR,33.84
2025-01-07,WEAK_BEAR,39.47
2025-01-08,WEAK_BEAR,36.94
2025-01-09,WEAK_BEAR,33.64
2025-01-10,WEAK_BEAR,28.55
2025-01-13,WEAK_BEAR,22.04
2025-01-14,WEAK_BEAR,23.7
2025-01-15,WEAK_BEAR,25.02
2025-01-16,WEAK_BEAR,28.57
2025-01-17,WEAK_BEAR,29.72
2025-01-20,WEAK_BEAR,33.74
2025-01-21,WEAK_BEAR,29.02
2025-01-22,WEAK_BEAR,25.4
2025-01-23,WEAK_BEAR,27.61
2025-01-24,WEAK_BEAR,23.52
2025-01-27,WEAK_BEAR,18.88
2025-01-28,WEAK_BEAR,17.73
2025-01-29,WEAK_BEAR,21.07
2025-01-30,WEAK_BEAR,22.29
2025-01-31,WEAK_BEAR,27.58
2025-02-03,WEAK_BEAR,25.9
2025-02-04,WEAK_BEAR,29.6
2025-02-05,WEAK_BEAR,34.05
2025-02-06,WEAK_BEAR,34.8
2025-02-07,WEAK_BEAR,33.39
2025-02-10,WEAK_BEAR,26.3
2025-02-11,WEAK_BEAR,19.21
2025-02-12,WEAK_BEAR,19.68
2025-02-13,WEAK_BEAR,19.74
2025-02-14,WEAK_BEAR,16.54
2025-02-17,WEAK_BEAR,16.38
2025-02-18,WEAK_BEAR,15.6
2025-02-19,WEAK_BEAR,17.72
2025-02-20,WEAK_BEAR,19.63
2025-02-21,WEAK_BEAR,19.44
2025-02-24,WEAK_BEAR,17.88
2025-02-25,WEAK_BEAR,18.13
2025-02-27,WEAK_BEAR,16.69
2025-02-28,WEAK_BEAR,14.3
2025-03-03,WEAK_BEAR,14.060000000000002
2025-03-04,WEAK_BEAR,15.14
2025-03-05,WEAK_BEAR,18.99
2025-03-06,WEAK_BEAR,23.77
2025-03-07,WEAK_BEAR,27.47
2025-03-10,WEAK_BEAR,23.65
2025-03-11,WEAK_BEAR,23.31
2025-03-12,WEAK_BEAR,22.61
2025-03-13,WEAK_BEAR,21.87
2025-03-17,WEAK_BEAR,22.08
2025-03-18,WEAK_BEAR,28.540000000000003
2025-03-19,WEAK_BEAR,35.88
2025-03-20,WEAK_BEAR,38.93
2025-03-21,WEAK_BEAR,44.53
2025-03-24,WEAK_BEAR,47.91
2025-03-25,WEAK_BEAR,42.97
2025-03-26,WEAK_BEAR,37.56
2025-03-27,WEAK_BEAR,38.46
2025-03-28,WEAK_BEAR,37.45
2025-04-01,WEAK_BEAR,41.51
2025-04-02,WEAK_BEAR,46.17
2025-04-03,SIDEWAYS,50.47
2025-04-04,WEAK_BEAR,38.83
2025-04-07,WEAK_BEAR,24.21
2025-04-08,WEAK_BEAR,32.79
2025-04-09,WEAK_BEAR,30.72
2025-04-11,WEAK_BEAR,39.86
2025-04-15,SIDEWAYS,52.79
2025-04-16,WEAK_BULL,57.29
2025-04-17,WEAK_BULL,59.06999999999999
2025-04-21,WEAK_BULL,63.419999999999995
2025-04-22,WEAK_BULL,66.21
2025-04-23,WEAK_BULL,67.74
2025-04-24,WEAK_BULL,68.07
2025-04-25,WEAK_BULL,58.15
2025-04-28,WEAK_BULL,58.19
2025-04-29,WEAK_BULL,57.580000000000005
2025-04-30,WEAK_BULL,48.99
2025-05-02,WEAK_BULL,46.86
2025-05-05,WEAK_BULL,51.93
2025-05-06,SIDEWAYS,40.96
2025-05-07,WEAK_BULL,43.34
2025-05-08,SIDEWAYS,38.94
2025-05-09,SIDEWAYS,35.22
2025-05-12,WEAK_BULL,55.33
2025-05-13,WEAK_BULL,59.93999999999999
2025-05-14,WEAK_BULL,65.08
2025-05-15,WEAK_BULL,67.51
2025-05-16,WEAK_BULL,69.85
2025-05-19,WEAK_BULL,70.87
2025-05-20,WEAK_BULL,68.19
2025-05-21,WEAK_BULL,69.61
2025-05-22,WEAK_BULL,68.32
2025-05-23,WEAK_BULL,69.47
2025-05-26,WEAK_BULL,69.39
2025-05-27,WEAK_BULL,69.16
2025-05-28,WEAK_BULL,68.48
2025-05-29,WEAK_BULL,67.11
2025-05-30,WEAK_BULL,65.69
2025-06-02,WEAK_BULL,63.97
2025-06-03,WEAK_BULL,62.120000000000005
2025-06-04,WEAK_BULL,61.96
2025-06-05,WEAK_BULL,62.76
2025-06-06,WEAK_BULL,63.52
2025-06-09,WEAK_BULL,67.06
2025-06-10,WEAK_BULL,67.84
2025-06-11,WEAK_BULL,68.29
2025-06-12,WEAK_BULL,63.63999999999999
2025-06-13,WEAK_BULL,58.67999999999999
2025-06-16,WEAK_BULL,59.53
2025-06-17,WEAK_BULL,55.46
2025-06-18,WEAK_BULL,53.16
