Industry,5D_P10,5D_P25,5D_P50,5D_P75,5D_P90,10D_P10,10D_P50,10D_P90,20D_P10,20D_P50,20D_P90
API & CDMO / CRAMS,-3.74,-1.99,-0.89,0.36,2.56,-5.33,-1.23,3.97,-7.43,-1.63,5.97
Aerospace & Defence,-3.91,-2.16,-1.06,0.19,2.39,-5.57,-1.47,3.73,-7.78,-1.98,5.62
Affordable Housing Finance Company,-5.27,-3.52,-2.42,-1.17,1.03,-7.57,-3.47,1.73,-10.64,-4.84,2.76
Agrochemicals & Pesticides,-5.18,-3.43,-2.33,-1.08,1.12,-7.45,-3.35,1.85,-10.47,-4.67,2.93
Air Conditioners & AC Components,-4.82,-3.07,-1.97,-0.72,1.48,-6.92,-2.82,2.38,-9.7,-3.9,3.7
Air Conditioners & Appliances,-4.72,-2.97,-1.87,-0.62,1.58,-6.77,-2.67,2.53,-9.49,-3.69,3.91
Aluminium & Mining,-4.22,-2.47,-1.37,-0.12,2.08,-6.03,-1.93,3.27,-8.43,-2.63,4.97
Asset Management & Wealth,-2.66,-0.91,0.19,1.44,3.64,-3.73,0.37,5.57,-5.13,0.67,8.27
Asset Management Company (AMC),-4.12,-2.37,-1.27,-0.02,2.18,-5.88,-1.78,3.42,-8.22,-2.42,5.18
Auto Glass,-3.23,-1.48,-0.38,0.87,3.07,-4.58,-0.48,4.72,-6.35,-0.55,7.05
Auto Lighting,-5.35,-3.6,-2.5,-1.25,0.95,-7.69,-3.59,1.61,-10.82,-5.02,2.58
Auto Parts & Equipment,-4.11,-2.36,-1.26,-0.01,2.19,-5.87,-1.77,3.43,-8.2,-2.4,5.2
Automobile OEMs,-3.88,-2.13,-1.03,0.22,2.42,-5.54,-1.44,3.76,-7.73,-1.93,5.67
Automobile and Auto Components,-4.13,-2.38,-1.28,-0.03,2.17,-5.9,-1.8,3.4,-8.25,-2.45,5.15
Banks,-4.15,-2.4,-1.3,-0.05,2.15,-5.93,-1.83,3.37,-8.29,-2.49,5.11
Batteries,-4.32,-2.57,-1.47,-0.22,1.98,-6.17,-2.07,3.13,-8.64,-2.84,4.76
Batteries & Energy Storage,-3.37,-1.62,-0.52,0.73,2.93,-4.78,-0.68,4.52,-6.64,-0.84,6.76
Bearings & Friction Solutions,-4.19,-2.44,-1.34,-0.09,2.11,-5.99,-1.89,3.31,-8.37,-2.57,5.03
Breweries & Distilleries,-4.04,-2.29,-1.19,0.06,2.26,-5.76,-1.66,3.54,-8.05,-2.25,5.35
Capital Goods,-3.82,-2.07,-0.97,0.28,2.48,-5.44,-1.34,3.86,-7.59,-1.79,5.81
Capital Markets & Asset Management,-3.72,-1.97,-0.87,0.38,2.58,-5.29,-1.19,4.01,-7.37,-1.57,6.03
Cement,-4.9,-3.15,-2.05,-0.8,1.4,-7.03,-2.93,2.27,-9.87,-4.07,3.53
Cement & Clinker,-4.8,-3.05,-1.95,-0.7,1.5,-6.89,-2.79,2.41,-9.67,-3.87,3.73
Ceramics & Tiles,-4.68,-2.93,-1.83,-0.58,1.62,-6.71,-2.61,2.59,-9.41,-3.61,3.99
Chemicals,-4.28,-2.53,-1.43,-0.18,2.02,-6.12,-2.02,3.18,-8.55,-2.75,4.85
Civil Buildings & Commercial EPC,-5.6,-3.85,-2.75,-1.5,0.7,-8.07,-3.97,1.23,-11.35,-5.55,2.05
Civil Construction & Infrastructure,-4.68,-2.93,-1.83,-0.58,1.62,-6.71,-2.61,2.59,-9.4,-3.6,4.0
Civil Construction & Infrastructure EPC,-4.32,-2.57,-1.47,-0.22,1.98,-6.18,-2.08,3.12,-8.65,-2.85,4.75
Commodity Chemicals,-3.82,-2.07,-0.97,0.28,2.48,-5.45,-1.35,3.85,-7.6,-1.8,5.8
Construction,-3.76,-2.01,-0.91,0.34,2.54,-5.35,-1.25,3.95,-7.46,-1.66,5.94
Construction Materials,-2.18,-0.43,0.67,1.92,4.12,-3.03,1.07,6.27,-4.12,1.68,9.28
Consumer Durables,-3.88,-2.13,-1.03,0.22,2.42,-5.54,-1.44,3.76,-7.73,-1.93,5.67
Consumer Services,-4.04,-2.29,-1.19,0.06,2.26,-5.77,-1.67,3.53,-8.06,-2.26,5.34
Copper & Non-Ferrous Metals,-3.26,-1.51,-0.41,0.84,3.04,-4.62,-0.52,4.68,-6.41,-0.61,6.99
Copper Mining,-2.02,-0.27,0.83,2.08,4.28,-2.8,1.3,6.5,-3.79,2.01,9.61
Dairy Products,-2.56,-0.81,0.29,1.54,3.74,-3.58,0.52,5.72,-4.92,0.88,8.48
Data Centers & Real Estate,-3.32,-1.57,-0.47,0.78,2.98,-4.71,-0.61,4.59,-6.54,-0.74,6.86
Diagnostic & Healthcare Laboratories,-3.33,-1.58,-0.48,0.77,2.97,-4.72,-0.62,4.58,-6.56,-0.76,6.84
Diversified & Fashion Retail,-4.33,-2.58,-1.48,-0.23,1.97,-6.19,-2.09,3.11,-8.66,-2.86,4.74
Diversified Commercial,-4.15,-2.4,-1.3,-0.05,2.15,-5.93,-1.83,3.37,-8.28,-2.48,5.12
Diversified Retail,-4.76,-3.01,-1.91,-0.66,1.54,-6.82,-2.72,2.48,-9.57,-3.77,3.83
Edible Oils,-4.2,-2.45,-1.35,-0.1,2.1,-6.01,-1.91,3.29,-8.4,-2.6,5.0
Electronic Manufacturing Services (EMS),-4.08,-2.33,-1.23,0.02,2.22,-5.82,-1.72,3.48,-8.13,-2.33,5.27
Explosives & Defence Chemicals,-4.23,-2.48,-1.38,-0.13,2.07,-6.04,-1.94,3.26,-8.45,-2.65,4.95
Fast Moving Consumer Goods,-4.23,-2.48,-1.38,-0.13,2.07,-6.05,-1.95,3.25,-8.47,-2.67,4.93
Fertilizers,-5.25,-3.5,-2.4,-1.15,1.05,-7.55,-3.45,1.75,-10.61,-4.81,2.79
Fertilizers & Agrochemicals,-4.78,-3.03,-1.93,-0.68,1.52,-6.86,-2.76,2.44,-9.62,-3.82,3.78
Financial Services,-4.09,-2.34,-1.24,0.01,2.21,-5.84,-1.74,3.46,-8.16,-2.36,5.24
Footwear,-4.68,-2.93,-1.83,-0.58,1.62,-6.71,-2.61,2.59,-9.4,-3.6,4.0
Gas Distribution,-5.23,-3.48,-2.38,-1.13,1.07,-7.52,-3.42,1.78,-10.57,-4.77,2.83
Gas Transmission & Distribution,-5.0,-3.25,-2.15,-0.9,1.3,-7.19,-3.09,2.11,-10.09,-4.29,3.31
Healthcare,-4.04,-2.29,-1.19,0.06,2.26,-5.77,-1.67,3.53,-8.05,-2.25,5.35
Heavy Electrical Equipment,-3.22,-1.47,-0.37,0.88,3.08,-4.56,-0.46,4.74,-6.32,-0.52,7.08
Hospitals & Diagnostic Centres,-4.08,-2.33,-1.23,0.02,2.22,-5.83,-1.73,3.47,-8.14,-2.34,5.26
Hospitals & Healthcare Services,-5.37,-3.62,-2.52,-1.27,0.93,-7.73,-3.63,1.57,-10.87,-5.07,2.53
Hotels & Restaurants,-4.65,-2.9,-1.8,-0.55,1.65,-6.67,-2.57,2.63,-9.34,-3.54,4.06
"Hotels, Resorts & QSR",-3.73,-1.98,-0.88,0.37,2.57,-5.32,-1.22,3.98,-7.41,-1.61,5.99
Housing & Urban Infrastructure Financing,-5.24,-3.49,-2.39,-1.14,1.06,-7.54,-3.44,1.76,-10.59,-4.79,2.81
IT Consulting & Software,-3.96,-2.21,-1.11,0.14,2.34,-5.65,-1.55,3.65,-7.89,-2.09,5.51
Information Technology,-4.49,-2.74,-1.64,-0.39,1.81,-6.43,-2.33,2.87,-9.01,-3.21,4.39
Insurance,-4.32,-2.57,-1.47,-0.22,1.98,-6.18,-2.08,3.12,-8.65,-2.85,4.75
Internet & Digital Platforms,-3.61,-1.86,-0.76,0.49,2.69,-5.14,-1.04,4.16,-7.15,-1.35,6.25
Iron & Steel,-4.67,-2.92,-1.82,-0.57,1.63,-6.69,-2.59,2.61,-9.38,-3.58,4.02
Logistics & Transportation,-4.24,-2.49,-1.39,-0.14,2.06,-6.06,-1.96,3.24,-8.48,-2.68,4.92
"Logistics, Ports & Supply Chain",-3.95,-2.2,-1.1,0.15,2.35,-5.64,-1.54,3.66,-7.87,-2.07,5.53
Lubricants & Specialty Oils,-3.69,-1.94,-0.84,0.41,2.61,-5.24,-1.14,4.06,-7.31,-1.51,6.09
Media & Entertainment,-4.42,-2.67,-1.57,-0.32,1.88,-6.32,-2.22,2.98,-8.85,-3.05,4.55
Media Entertainment & Publication,-3.62,-1.87,-0.77,0.48,2.68,-5.14,-1.04,4.16,-7.16,-1.36,6.24
Metals & Mining,-4.81,-3.06,-1.96,-0.71,1.49,-6.9,-2.8,2.4,-9.67,-3.87,3.73
Microfinance NBFC,-5.17,-3.42,-2.32,-1.07,1.13,-7.44,-3.34,1.86,-10.45,-4.65,2.95
Mining & Mineral Products,-4.36,-2.61,-1.51,-0.26,1.94,-6.24,-2.14,3.06,-8.73,-2.93,4.67
Non Banking Financial Company (NBFC),-4.25,-2.5,-1.4,-0.15,2.05,-6.08,-1.98,3.22,-8.5,-2.7,4.9
Oil Exploration & Refining,-4.48,-2.73,-1.63,-0.38,1.82,-6.42,-2.32,2.88,-8.99,-3.19,4.41
Oil Gas & Consumable Fuels,-3.24,-1.49,-0.39,0.86,3.06,-4.59,-0.49,4.71,-6.36,-0.56,7.04
Packaged Foods & Consumer Staples,-4.09,-2.34,-1.24,0.01,2.21,-5.83,-1.73,3.47,-8.15,-2.35,5.25
Packaged Foods & FMCG Staples,-4.65,-2.9,-1.8,-0.55,1.65,-6.67,-2.57,2.63,-9.34,-3.54,4.06
Packaging & Containers,-3.33,-1.58,-0.48,0.77,2.97,-4.73,-0.63,4.57,-6.56,-0.76,6.84
Packaging Materials & Containers,-3.68,-1.93,-0.83,0.42,2.62,-5.23,-1.13,4.07,-7.29,-1.49,6.11
Paints,-4.28,-2.53,-1.43,-0.18,2.02,-6.12,-2.02,3.18,-8.56,-2.76,4.84
Paints & Coatings,-3.37,-1.62,-0.52,0.73,2.93,-4.79,-0.69,4.51,-6.65,-0.85,6.75
Paper & Paper Products,-4.59,-2.84,-1.74,-0.49,1.71,-6.58,-2.48,2.72,-9.22,-3.42,4.18
Passenger Cars & Utility Vehicles,-4.29,-2.54,-1.44,-0.19,2.01,-6.13,-2.03,3.17,-8.57,-2.77,4.83
Pharmaceuticals,-3.76,-2.01,-0.91,0.34,2.54,-5.36,-1.26,3.94,-7.47,-1.67,5.93
Pharmaceuticals & Biotechnology,-4.35,-2.6,-1.5,-0.25,1.95,-6.22,-2.12,3.08,-8.71,-2.91,4.69
Pipes & Tubes,-3.67,-1.92,-0.82,0.43,2.63,-5.23,-1.13,4.07,-7.28,-1.48,6.12
Plastic Pipes & Fittings,-3.58,-1.83,-0.73,0.52,2.72,-5.09,-0.99,4.21,-7.09,-1.29,6.31
Plastic Pipes & Moulded Products,-4.84,-3.09,-1.99,-0.74,1.46,-6.94,-2.84,2.36,-9.74,-3.94,3.66
Plywood & Boards,-4.44,-2.69,-1.59,-0.34,1.86,-6.36,-2.26,2.94,-8.91,-3.11,4.49
"Plywood, MDF & Laminates",-4.21,-2.46,-1.36,-0.11,2.09,-6.01,-1.91,3.29,-8.41,-2.61,4.99
Power,-5.1,-3.35,-2.25,-1.0,1.2,-7.32,-3.22,1.98,-10.28,-4.48,3.12
Power Generation & Distribution,-5.29,-3.54,-2.44,-1.19,1.01,-7.61,-3.51,1.69,-10.7,-4.9,2.7
Power Generation & Utilities,-5.12,-3.37,-2.27,-1.02,1.18,-7.36,-3.26,1.94,-10.34,-4.54,3.06
Power Sector Financing NBFC,-5.28,-3.53,-2.43,-1.18,1.02,-7.59,-3.49,1.71,-10.67,-4.87,2.73
Project Management & Civil Construction,-5.2,-3.45,-2.35,-1.1,1.1,-7.47,-3.37,1.83,-10.5,-4.7,2.9
Pumps & Compressors,-4.8,-3.05,-1.95,-0.7,1.5,-6.88,-2.78,2.42,-9.65,-3.85,3.75
Railway Financing,-5.23,-3.48,-2.38,-1.13,1.07,-7.51,-3.41,1.79,-10.56,-4.76,2.84
Railway Infrastructure,-5.2,-3.45,-2.35,-1.1,1.1,-7.48,-3.38,1.82,-10.51,-4.71,2.89
Railway Infrastructure & Consulting,-5.23,-3.48,-2.38,-1.13,1.07,-7.51,-3.41,1.79,-10.56,-4.76,2.84
Railway Telecom,-4.07,-2.32,-1.22,0.03,2.23,-5.81,-1.71,3.49,-8.12,-2.32,5.28
Railway Ticketing & Catering,-5.26,-3.51,-2.41,-1.16,1.04,-7.56,-3.46,1.74,-10.63,-4.83,2.77
Railway Wagons & Equipment,-5.21,-3.46,-2.36,-1.11,1.09,-7.49,-3.39,1.81,-10.53,-4.73,2.87
Railways,-4.24,-2.49,-1.39,-0.14,2.06,-6.06,-1.96,3.24,-8.48,-2.68,4.92
Realty,-3.85,-2.1,-1.0,0.25,2.45,-5.49,-1.39,3.81,-7.65,-1.85,5.75
Renewable Energy,-4.81,-3.06,-1.96,-0.71,1.49,-6.9,-2.8,2.4,-9.68,-3.88,3.72
Renewable Energy - Solar & Wind,-4.93,-3.18,-2.08,-0.83,1.37,-7.07,-2.97,2.23,-9.93,-4.13,3.47
Renewable Energy Financing NBFC,-5.22,-3.47,-2.37,-1.12,1.08,-7.5,-3.4,1.8,-10.54,-4.74,2.86
Residential & Commercial Real Estate,-4.51,-2.76,-1.66,-0.41,1.79,-6.45,-2.35,2.85,-9.04,-3.24,4.36
Roads & Highways EPC,-5.2,-3.45,-2.35,-1.1,1.1,-7.47,-3.37,1.83,-10.5,-4.7,2.9
Rubber Chemicals,-5.11,-3.36,-2.26,-1.01,1.19,-7.34,-3.24,1.96,-10.31,-4.51,3.09
Saw Pipes & Ductile Iron Pipes,-2.0,-0.25,0.85,2.1,4.3,-2.76,1.34,6.54,-3.75,2.05,9.65
Semiconductors & Electronic Components,-5.04,-3.29,-2.19,-0.94,1.26,-7.24,-3.14,2.06,-10.16,-4.37,3.23
Services,-4.22,-2.47,-1.37,-0.12,2.08,-6.03,-1.93,3.27,-8.44,-2.64,4.96
Ship Building & Defence,-3.96,-2.21,-1.11,0.14,2.34,-5.64,-1.54,3.66,-7.88,-2.08,5.52
Software Products & Digital Services,-4.3,-2.55,-1.45,-0.2,2.0,-6.15,-2.05,3.15,-8.6,-2.8,4.8
Specialty Chemicals,-4.21,-2.46,-1.36,-0.11,2.09,-6.01,-1.91,3.29,-8.4,-2.6,5.0
Steel Manufacturing & Mining,-3.22,-1.47,-0.37,0.88,3.08,-4.56,-0.46,4.74,-6.33,-0.53,7.07
Stockbroking & Financial Products,-4.11,-2.36,-1.26,-0.01,2.19,-5.86,-1.76,3.44,-8.19,-2.39,5.21
Structural Steel Tubes & Pipes,-3.24,-1.49,-0.39,0.86,3.06,-4.59,-0.49,4.71,-6.36,-0.56,7.04
Sugar & Bio-Ethanol,-3.64,-1.89,-0.79,0.46,2.66,-5.18,-1.08,4.12,-7.22,-1.42,6.18
Superalloys & Special Metals,-3.26,-1.51,-0.41,0.84,3.04,-4.62,-0.52,4.68,-6.41,-0.61,6.99
Tea & Coffee,-3.73,-1.98,-0.88,0.37,2.57,-5.3,-1.2,4.0,-7.39,-1.59,6.01
Telecom Services & Infrastructure,-4.78,-3.03,-1.93,-0.68,1.52,-6.86,-2.76,2.44,-9.62,-3.82,3.78
Telecommunication,-4.58,-2.83,-1.73,-0.48,1.72,-6.57,-2.47,2.73,-9.2,-3.4,4.2
Textiles,-3.17,-1.42,-0.32,0.93,3.13,-4.48,-0.38,4.82,-6.21,-0.41,7.19
Textiles & Apparel,-4.38,-2.63,-1.53,-0.28,1.92,-6.27,-2.17,3.03,-8.78,-2.98,4.62
"Textiles, Yarns & Apparel",-3.92,-2.17,-1.07,0.18,2.38,-5.59,-1.49,3.71,-7.81,-2.01,5.59
Tractors & Farm Equipment,-4.21,-2.46,-1.36,-0.11,2.09,-6.02,-1.92,3.28,-8.41,-2.61,4.99
Transformers & T&D Equipment,-4.16,-2.41,-1.31,-0.06,2.14,-5.94,-1.84,3.36,-8.3,-2.5,5.1
Travel Tech SaaS Solutions,-2.1,-0.35,0.75,2.0,4.2,-2.91,1.19,6.39,-3.96,1.84,9.44
Tyres & Rubber Products,-4.66,-2.91,-1.81,-0.56,1.64,-6.68,-2.58,2.62,-9.37,-3.57,4.03
Utilities,-5.22,-3.47,-2.37,-1.12,1.08,-7.5,-3.4,1.8,-10.55,-4.75,2.85
Water & Wastewater Treatment,-4.97,-3.22,-2.12,-0.87,1.33,-7.14,-3.04,2.16,-10.02,-4.22,3.38
Wealth & Asset Management,-3.26,-1.51,-0.41,0.84,3.04,-4.62,-0.52,4.68,-6.42,-0.62,6.98
Wires & Cables,-4.09,-2.34,-1.24,0.01,2.21,-5.84,-1.74,3.46,-8.15,-2.35,5.25
Zinc & Silver Mining,-2.08,-0.33,0.77,2.02,4.22,-2.88,1.22,6.42,-3.92,1.88,9.48
