date,industry,early_radar_score,v3_2_strength,prob_1d,prob_3d,prob_5d,alert_tier,ind_fwd_5d
2024-09-26,Wind Turbines & Wind Energy,31.4,59.5,0.1351124204057947,0.12090608321498236,0.11494986782941624,NONE (Neutral),-2.4550409472533468
2024-09-27,Wind Turbines & Wind Energy,53.4,58.8,0.16497650843927614,0.13011671296544278,0.11858397802704522,NONE (Neutral),-2.3314342218828705
2024-10-01,Wind Turbines & Wind Energy,54.9,66.1,0.18778774890035302,0.13232593529133502,0.12304885475613303,NONE (Neutral),-2.6477252713676087
2024-10-02,Wind Turbines & Wind Energy,57.9,64.3,0.1353725341901811,0.1107309881972367,0.11533926177258198,WATCH (Unusual Precursor),-1.5221912872671783
2024-10-03,Wind Turbines & Wind Energy,50.2,40.4,0.15728235423092513,0.13530954955597788,0.12522461552142058,NONE (Neutral),1.5483964030068642
2024-10-04,Wind Turbines & Wind Energy,41.6,38.0,0.1278452916440282,0.10655966896157557,0.10549898400021664,NONE (Neutral),2.4506772396030323
2024-10-07,Wind Turbines & Wind Energy,27.0,17.6,0.16120549312721344,0.13967684214239015,0.1317890820488782,NONE (Neutral),5.682829971864556
2024-10-08,Wind Turbines & Wind Energy,44.7,33.0,0.2016445863302723,0.2739533007530377,0.13844153068389106,NONE (Neutral),0.4151356071586254
2024-10-10,Wind Turbines & Wind Energy,30.7,39.3,0.13911013304187034,0.13636895439628657,0.12416431801920028,NONE (Neutral),-2.268573146728823
2024-10-14,Wind Turbines & Wind Energy,36.8,28.7,0.16715489576000295,0.11730481722803855,0.1328767612513413,NONE (Neutral),-3.2597779490829764
2024-11-01,Wind Turbines & Wind Energy,53.8,56.2,0.20912970834641997,0.14045208058876674,0.13939591361178402,NONE (Neutral),-3.5190431617883866
2024-11-05,Wind Turbines & Wind Energy,60.8,56.1,0.14263396905797981,0.10873816629948699,0.12487229611793156,WATCH (Unusual Precursor),-2.9904987227733644
2024-11-22,Wind Turbines & Wind Energy,34.3,51.3,0.12381930490469435,0.11044945033646066,0.12361978547434065,NONE (Neutral),2.020026998574773
2024-11-25,Wind Turbines & Wind Energy,14.4,43.1,0.17780766846235463,0.1484285682002801,0.1359065849814475,NONE (Neutral),4.876392893800984
2024-11-29,Wind Turbines & Wind Energy,9.3,32.4,0.1659921350356322,0.11629099799939534,0.12940106678364122,NONE (Neutral),10.106481647319479
2024-12-02,Wind Turbines & Wind Energy,33.9,50.9,0.2527937820445861,0.13449696033883304,0.18084783210676617,NONE (Neutral),5.650792539199931
2024-12-04,Wind Turbines & Wind Energy,48.1,83.2,0.18882460008288468,0.14766905990254076,0.1360715700350142,NONE (Neutral),-0.2885027754957893
2024-12-05,Wind Turbines & Wind Energy,46.2,74.8,0.14730007018034189,0.11405821051665128,0.11865875153961147,NONE (Neutral),-1.6957824774205954
2024-12-06,Wind Turbines & Wind Energy,52.6,85.9,0.17386163927999893,0.15223121906861267,0.14043920475986,NONE (Neutral),-5.4356302219757335
2024-12-11,Wind Turbines & Wind Energy,17.5,68.7,0.18422883036099622,0.10769377924750498,0.1255317017391183,NONE (Neutral),-2.713791886146253
2024-12-16,Wind Turbines & Wind Energy,35.4,61.4,0.16953469892529568,0.10973914724010009,0.11654792547699577,NONE (Neutral),-6.0728011485914495
2024-12-17,Wind Turbines & Wind Energy,20.4,65.5,0.30367575978909706,0.27323329305517874,0.19793694118306684,NONE (Neutral),-5.4798766092083095
2024-12-27,Wind Turbines & Wind Energy,19.0,31.3,0.12500562270875623,0.10716974547614545,0.10526409779794871,NONE (Neutral),3.1140178769858484
2024-12-30,Wind Turbines & Wind Energy,18.8,21.1,0.15025906353464588,0.115022336551936,0.11196134801001865,NONE (Neutral),0.05157123104254211
2024-12-31,Wind Turbines & Wind Energy,38.5,26.9,0.19218256179665505,0.11598222586426885,0.11586428717331296,NONE (Neutral),1.041502896309232
2025-01-02,Wind Turbines & Wind Energy,50.6,33.1,0.1679013230723239,0.12519072516816707,0.13322296979272052,NONE (Neutral),-6.679934748352951
2025-01-03,Wind Turbines & Wind Energy,31.3,29.1,0.20030520695272808,0.1721664554618674,0.1771258885652687,NONE (Neutral),-9.108116395932978
2025-01-07,Wind Turbines & Wind Energy,58.6,22.6,0.15563051717996298,0.1285431141000395,0.11345643804430844,WATCH (Unusual Precursor),-8.097278975442821
2025-01-08,Wind Turbines & Wind Energy,34.0,22.0,0.13423440595898606,0.10207113964202112,0.09808087040687682,NONE (Neutral),-6.091911434990944
2025-01-09,Wind Turbines & Wind Energy,39.0,22.0,0.12893264363411333,0.09872729526887261,0.09309916369431377,NONE (Neutral),-4.485995058970391
2025-01-10,Wind Turbines & Wind Energy,19.4,8.0,0.1428253764879391,0.13591807705388725,0.13429007123302963,NONE (Neutral),-0.7444501511465764
2025-01-22,Wind Turbines & Wind Energy,15.6,8.0,0.17089488459864188,0.13510087347918573,0.16522777849189965,NONE (Neutral),-6.7518303932885875
2025-02-10,Wind Turbines & Wind Energy,15.5,12.9,0.16084051072905203,0.11012813171809428,0.12698807390757752,NONE (Neutral),-10.924545594136648
2025-03-25,Wind Turbines & Wind Energy,64.2,52.2,0.16384504299845332,0.17377203183133427,0.14285183797522277,WATCH (Unusual Precursor),-3.5580186947149395
2025-03-27,Wind Turbines & Wind Energy,37.0,36.3,0.13208977131289132,0.13553789364175334,0.1502303898442868,NONE (Neutral),-2.776415645977972
2025-03-28,Wind Turbines & Wind Energy,51.7,40.8,0.1260569330679912,0.10014299614302721,0.11060422657711627,NONE (Neutral),-7.717625315367516
2025-04-02,Wind Turbines & Wind Energy,33.2,46.5,0.18966098972375278,0.10965362477562013,0.11831071985041543,NONE (Neutral),-7.6439490900432485
2025-04-04,Wind Turbines & Wind Energy,32.7,23.5,0.13593239620188918,0.12365955574998176,0.13370808780785473,NONE (Neutral),1.0550983549072201
2025-04-15,Wind Turbines & Wind Energy,31.5,34.5,0.2180291502470153,0.13712806070155742,0.14721636227473506,NONE (Neutral),9.087537355414955
2025-04-16,Wind Turbines & Wind Energy,48.0,44.9,0.13048003111917802,0.12579680498562723,0.13053195770913073,NONE (Neutral),9.076673956180963
2025-04-17,Wind Turbines & Wind Energy,42.7,52.8,0.1385971065132289,0.13315107987072292,0.1356166058123408,NONE (Neutral),4.7991182513569335
2025-04-21,Wind Turbines & Wind Energy,70.5,62.5,0.17695190886062753,0.1437995418383634,0.12805033760878606,EARLY (Elevated Probability),-0.5164828587231328
2025-04-22,Wind Turbines & Wind Energy,63.2,69.7,0.19021270371527363,0.19182305220234214,0.160387991361266,WATCH (Unusual Precursor),-3.1826600839768138
2025-04-28,Wind Turbines & Wind Energy,53.7,64.6,0.22697316073161533,0.16100968960543124,0.1489452515936524,NONE (Neutral),-7.006946793385332
2025-04-30,Wind Turbines & Wind Energy,37.2,53.8,0.16565131858585502,0.15294916965693017,0.1448762013602735,NONE (Neutral),-4.404259374826835
2025-05-07,Wind Turbines & Wind Energy,52.2,49.6,0.17131663460127222,0.11964916813958128,0.1184756350990438,NONE (Neutral),3.697349739382285
2025-05-19,Wind Turbines & Wind Energy,48.7,73.6,0.16398045241250683,0.14722425672612302,0.1249646913882986,NONE (Neutral),-0.0878014548786333
2025-05-26,Wind Turbines & Wind Energy,52.1,67.4,0.1970566711923579,0.1646625997460134,0.1287280931196663,NONE (Neutral),1.8987968372066952
2025-05-29,Wind Turbines & Wind Energy,35.8,69.9,0.2489574424147572,0.18613003675232667,0.1760878577345642,NONE (Neutral),0.013223021802022394
2025-05-30,Wind Turbines & Wind Energy,48.1,73.6,0.3960000905304146,0.3779948212108076,0.3083632353337665,NONE (Neutral),-3.696237152306683
2025-06-09,Wind Turbines & Wind Energy,61.6,67.0,0.295023214079821,0.16831079525035578,0.16078053131787576,WATCH (Unusual Precursor),-0.43400277232616524
2025-06-10,Wind Turbines & Wind Energy,62.6,68.4,0.24996747872568542,0.19748869490279855,0.16793030670678552,WATCH (Unusual Precursor),-4.514622421112984
2025-06-11,Wind Turbines & Wind Energy,57.3,68.9,0.17913131718880873,0.18162025873701107,0.15615577513610182,WATCH (Unusual Precursor),-5.399787775423304
2025-06-18,Wind Turbines & Wind Energy,18.4,26.7,0.1702548980361265,0.11012813171809428,0.10740212011173553,NONE (Neutral),0.24553576713999928
2025-06-23,Wind Turbines & Wind Energy,23.0,18.1,0.20276417176632577,0.10826326616861247,0.11563447478007828,NONE (Neutral),4.336872533236127
2025-06-30,Wind Turbines & Wind Energy,56.0,57.1,0.17323440988926575,0.18185080690479916,0.15608447438779272,WATCH (Unusual Precursor),-4.412741829169613
2025-07-15,Wind Turbines & Wind Energy,19.9,28.6,0.18213367024313626,0.14749975542351113,0.15818482576048465,NONE (Neutral),-4.23100101530469
2025-07-22,Wind Turbines & Wind Energy,14.8,20.7,0.17927507382412833,0.11509191057077527,0.15452880911315797,NONE (Neutral),-7.364273846010308
2025-07-23,Wind Turbines & Wind Energy,21.4,17.7,0.1348057185204423,0.10136884990065233,0.10857070511259538,NONE (Neutral),-8.132892307385845
2025-08-18,Wind Turbines & Wind Energy,36.2,0.0,0.32297903385286597,0.24605690828721818,0.279038653205234,NONE (Neutral),-11.591206955545143
2025-08-20,Wind Turbines & Wind Energy,21.0,0.0,0.1742016542897308,0.11116055093295223,0.14336715975818315,NONE (Neutral),-12.670544274474658
2025-08-21,Wind Turbines & Wind Energy,28.1,6.0,0.147965359266283,0.09311065035233848,0.1114439172946603,NONE (Neutral),-12.92231607695797
2026-07-02,Wind Turbines & Wind Energy,11.6,0.0,0.1304876303825705,0.11106774115878541,0.35382504934823605,NONE (Neutral),-1.2289107669941868
2026-07-03,Wind Turbines & Wind Energy,23.2,14.0,0.15904922856986947,0.3080873659593918,0.15744754767637892,NONE (Neutral),-0.782649265733715
2026-07-06,Wind Turbines & Wind Energy,44.8,14.0,0.255368713993874,0.23663930681975903,0.23756906839715417,NONE (Neutral),-1.3832938556920824
2026-07-07,Wind Turbines & Wind Energy,25.5,14.0,0.16179601230998122,0.2762931511167523,0.13537546079618,NONE (Neutral),-1.9048298680359579
2026-07-08,Wind Turbines & Wind Energy,32.0,14.0,0.13451076462672437,0.2746021029325389,0.12470797181235481,NONE (Neutral),0.19849632210090506
2026-07-09,Wind Turbines & Wind Energy,52.0,14.0,0.13433558402928947,0.12266933179639453,0.11945981923120011,NONE (Neutral),-0.9028575443816255
2026-07-10,Wind Turbines & Wind Energy,41.1,14.0,0.2342073325738853,0.25478747896702575,0.22170941063967387,NONE (Neutral),-2.236400234752607
2026-07-13,Wind Turbines & Wind Energy,38.0,14.0,0.17738002724704413,0.16619709842051802,0.14244761969857211,NONE (Neutral),-1.99095537476077
2026-07-14,Wind Turbines & Wind Energy,36.1,14.0,0.20004221171604297,0.15373550298049804,0.16463521744160106,NONE (Neutral),-1.145541489042392
2026-07-15,Wind Turbines & Wind Energy,41.1,14.0,0.14058116593246875,0.11824542906826939,0.12162736397442264,NONE (Neutral),-1.8111707334518834
2026-07-16,Wind Turbines & Wind Energy,35.6,14.0,0.17641334055314295,0.157882908242844,0.18034185512326084,NONE (Neutral),-2.6570521489714216
2026-07-17,Wind Turbines & Wind Energy,36.4,14.0,0.12811721732905434,0.11271966681291042,0.1217888142711475,NONE (Neutral),-1.5338485379890932
2026-07-20,Wind Turbines & Wind Energy,36.0,14.0,0.19973180853716777,0.12316058539486041,0.13127106801302316,NONE (Neutral),-2.4743564457339584
2026-07-21,Wind Turbines & Wind Energy,54.9,14.0,0.21048819430050777,0.1353232711602081,0.14017326108521275,NONE (Neutral),-6.484079324234626
2026-07-22,Wind Turbines & Wind Energy,26.8,14.0,0.15337948905069548,0.11987069148991188,0.12402383770078894,NONE (Neutral),-4.94603727702674
2026-07-23,Wind Turbines & Wind Energy,26.7,8.0,0.1709362703391689,0.13095065270505685,0.13501360954771435,NONE (Neutral),-5.255455082039693
2026-07-24,Wind Turbines & Wind Energy,36.8,8.0,0.2067704018657082,0.11956715570301457,0.14279833260892663,NONE (Neutral),-3.149446394486115
2026-07-27,Wind Turbines & Wind Energy,38.9,8.0,0.14448903439364574,0.11626106686144975,0.1340404755829304,NONE (Neutral),-3.696906766863377
2026-07-29,Wind Turbines & Wind Energy,19.5,0.0,0.2602488074732845,0.16210042829204538,0.1391446097149788,NONE (Neutral),0.6179792301688458
2026-07-30,Wind Turbines & Wind Energy,13.4,0.0,0.2227207203068793,0.1526816668906237,0.17571592032774672,NONE (Neutral),0.5528174350628268
2026-07-31,Wind Turbines & Wind Energy,36.2,2.4,0.2387628373325039,0.09599710285269086,0.1351942069691616,NONE (Neutral),1.743451506085303
2026-08-03,Wind Turbines & Wind Energy,27.6,2.2,0.2732906597968334,0.11292431778348058,0.12074041258645367,NONE (Neutral),-0.8568462727920757
2026-08-04,Wind Turbines & Wind Energy,32.4,1.8,0.17151751156172707,0.09906279122411563,0.35019256901977747,NONE (Neutral),1.959899211260159
2026-08-05,Wind Turbines & Wind Energy,51.5,3.6,0.1605630520847894,0.10685156054031986,0.16531056093871413,NONE (Neutral),-0.0801458260265453
2026-08-06,Wind Turbines & Wind Energy,48.4,2.4,0.2868876825411256,0.25155195310103495,0.2580376929294885,NONE (Neutral),0.37566483134673323
2026-08-10,Wind Turbines & Wind Energy,53.2,9.3,0.28089431925396197,0.16119450276202105,0.30048497526536655,NONE (Neutral),1.3745035905690317
2026-08-11,Wind Turbines & Wind Energy,42.0,9.6,0.14529095822428464,0.09755733475027688,0.17963998859147373,NONE (Neutral),-0.16994336254527997
2026-08-14,Wind Turbines & Wind Energy,28.8,7.1,0.13207065384451763,0.09872729526887261,0.18648737257268597,NONE (Neutral),1.7865086407041404
2024-04-15,Wires & Cables,29.7,75.0,0.17092791992013556,0.1357291309771115,0.1559888460175431,NONE (Neutral),5.5048013308186485
2024-04-16,Wires & Cables,31.4,79.9,0.2740975986694507,0.11189270345574981,0.14559982283338585,NONE (Neutral),4.94389509507485
2024-04-17,Wires & Cables,32.1,79.6,0.18720333561586858,0.14609413255507442,0.1657761370200881,NONE (Neutral),5.45578247169092
2024-04-18,Wires & Cables,39.7,81.9,0.2150244362256301,0.0986295930661475,0.10802305587578034,NONE (Neutral),4.075293609083895
2024-04-19,Wires & Cables,43.2,79.5,0.2705790546085702,0.15056953171462908,0.15237810240913438,NONE (Neutral),4.330765283505406
2024-04-22,Wires & Cables,47.1,85.5,0.1516774207399432,0.08982541575808746,0.09322045415666394,NONE (Neutral),3.2144474587248073
2024-04-23,Wires & Cables,50.7,86.0,0.1578906707318499,0.08485643426234867,0.1098066486066091,NONE (Neutral),2.392807987913394
2024-04-24,Wires & Cables,32.0,82.2,0.19049741450856458,0.1653116679211388,0.16328688276126063,NONE (Neutral),1.8977952276210253
2024-04-25,Wires & Cables,23.6,83.5,0.25252404408564016,0.15795700011696745,0.15478384880092938,NONE (Neutral),2.8642731147341096
2024-04-26,Wires & Cables,32.3,87.0,0.20715832435639653,0.1536777250918377,0.1564413090180534,NONE (Neutral),2.124116035639284
2024-04-29,Wires & Cables,29.0,82.5,0.21865367633799473,0.11024659947584367,0.1454573500079968,NONE (Neutral),0.04085367580565424
2024-04-30,Wires & Cables,41.6,81.7,0.22104149463045725,0.1407936138859175,0.1378584557847243,NONE (Neutral),-1.6556632736853762
2024-05-01,Wires & Cables,44.6,80.1,0.11655200646780582,0.07623175593811196,0.0850888526424884,NONE (Neutral),-0.957279704518175
2024-05-02,Wires & Cables,29.8,76.4,0.26257956636681784,0.16775832547093614,0.16741885449748992,NONE (Neutral),-3.3054045559877148
2024-05-03,Wires & Cables,25.2,75.5,0.26247505616813044,0.19305579121332397,0.2292530606739314,NONE (Neutral),-1.715173761731043
2024-05-06,Wires & Cables,13.8,59.5,0.13661505245636157,0.15703454225584204,0.14295111600349758,NONE (Neutral),1.215713431255686
2024-05-07,Wires & Cables,14.9,53.6,0.15510626011813824,0.15169626171163206,0.19381573053830892,NONE (Neutral),5.914962526785985
2024-05-08,Wires & Cables,19.5,58.7,0.21278540857201245,0.1611576469387802,0.14228941734151243,NONE (Neutral),5.745477311129056
2024-05-09,Wires & Cables,10.4,51.5,0.13488793129837562,0.10380210527773182,0.10396968669173332,NONE (Neutral),7.633910144493957
2024-05-10,Wires & Cables,26.4,60.5,0.22346378547724025,0.1611576469387802,0.13617465791205244,NONE (Neutral),6.418695931991115
2024-05-13,Wires & Cables,35.3,64.8,0.17422446841602793,0.10718825283731526,0.11114280070982045,NONE (Neutral),5.941597639631881
2024-05-14,Wires & Cables,58.3,72.0,0.15782045821679327,0.10516566085595061,0.10566032837606015,WATCH (Unusual Precursor),1.6040270993224737
2024-05-15,Wires & Cables,37.8,73.0,0.12207673444988747,0.10035623290308986,0.09373788185869109,NONE (Neutral),2.0878730977432487
2024-05-16,Wires & Cables,43.1,71.7,0.13521139287106465,0.1158508370389235,0.11990323438572077,NONE (Neutral),1.0699080083941597
2024-05-17,Wires & Cables,44.0,73.0,0.13717885574660427,0.11603249473509068,0.11990323438572077,NONE (Neutral),1.3995805836555504
2024-05-20,Wires & Cables,48.4,75.3,0.14975862047652155,0.13469519887042458,0.1380973844415389,NONE (Neutral),1.4766168290876578
2024-05-21,Wires & Cables,25.8,64.5,0.10988341690956856,0.08889016553209664,0.10126932533785897,NONE (Neutral),0.5122512835007076
2024-05-22,Wires & Cables,33.6,70.0,0.1791516060369216,0.1346244791606093,0.14422198275618417,NONE (Neutral),-0.47434942965622207
2024-05-23,Wires & Cables,34.8,69.4,0.108129561957688,0.08268504722452305,0.08429751708442255,NONE (Neutral),-1.6925398159451206
2024-05-24,Wires & Cables,33.1,64.1,0.156510101444401,0.10014788816045572,0.11114280070982045,NONE (Neutral),-2.855023923029816
2024-05-27,Wires & Cables,32.1,63.7,0.17200140049750715,0.10014788816045572,0.11114280070982045,NONE (Neutral),-3.1069159514551994
2024-05-28,Wires & Cables,25.2,57.6,0.1445352427923287,0.12550421064672232,0.14391443369085552,NONE (Neutral),-7.794216631872391
2024-05-29,Wires & Cables,16.8,57.7,0.14993135081390915,0.09082325949359724,0.10182118011425235,NONE (Neutral),-5.695047998173354
2024-05-30,Wires & Cables,17.0,53.3,0.1355168311909606,0.12201856587115491,0.12414404202717282,NONE (Neutral),-1.0440022159176618
2024-05-31,Wires & Cables,17.8,51.4,0.16173688985702533,0.11169104711495513,0.13792177057811944,NONE (Neutral),1.709453181219717
2024-06-03,Wires & Cables,13.0,51.0,0.20440748543589105,0.14095286404355997,0.16078843851197414,NONE (Neutral),2.2340761164912983
2024-06-04,Wires & Cables,17.9,32.6,0.14186453293128756,0.11909090551637495,0.12448597075606749,NONE (Neutral),11.743675288567022
2024-06-05,Wires & Cables,24.2,37.2,0.17988262148843637,0.07948583077968684,0.10196640243488231,NONE (Neutral),9.874385528076388
2024-06-06,Wires & Cables,26.1,47.2,0.1991025827921625,0.09896530549045804,0.10692264442892103,NONE (Neutral),7.142201425357064
2024-06-07,Wires & Cables,38.4,56.3,0.15986209361474032,0.13923266482086863,0.13659961234486767,NONE (Neutral),4.770813340313903
2024-06-10,Wires & Cables,51.9,65.1,0.12985634588284706,0.10748680909818048,0.11986202124175263,NONE (Neutral),3.301118338974506
2024-06-11,Wires & Cables,69.0,66.4,0.15682732129662544,0.11219632376265713,0.12621676806170642,EARLY (Elevated Probability),1.1233491262606798
2024-06-12,Wires & Cables,58.6,69.6,0.1523895480191542,0.1057432943297143,0.11806706612305412,WATCH (Unusual Precursor),-0.6170958443692484
2024-06-13,Wires & Cables,52.4,71.2,0.1466492973027735,0.10733365526743888,0.12245118214229524,NONE (Neutral),-0.4581313929661082
2024-06-14,Wires & Cables,48.6,69.8,0.12185283280626667,0.12094421339481125,0.12468605932863507,NONE (Neutral),0.4425916701771702
2024-06-17,Wires & Cables,44.9,68.6,0.09872852467581109,0.10163164975854395,0.09453088065747334,NONE (Neutral),1.5553085092102374
2024-06-18,Wires & Cables,31.9,68.8,0.10911161757369298,0.08893226710838213,0.0866153515482391,NONE (Neutral),1.6122886102376146
2024-06-19,Wires & Cables,18.3,52.2,0.11156157631861799,0.08220600993103815,0.09578850781896403,NONE (Neutral),1.5952815624072878
2024-06-20,Wires & Cables,37.9,61.0,0.15552251191864072,0.08014079387529757,0.09808491660883416,NONE (Neutral),-0.8036811078436109
2024-06-21,Wires & Cables,40.4,67.3,0.19050680171392362,0.12149477907823014,0.13198655925836777,NONE (Neutral),-1.816428989478442
2024-06-24,Wires & Cables,41.1,66.1,0.17622728062235862,0.1257925147421122,0.137525280990472,NONE (Neutral),-1.4480165261337483
2024-06-25,Wires & Cables,39.1,68.0,0.10555683019131806,0.07534499774044787,0.08599632508797653,NONE (Neutral),-0.7795425257817999
2024-06-26,Wires & Cables,31.3,60.7,0.10049436968035458,0.08743999923800531,0.08439858006652969,NONE (Neutral),2.1929337887838902
2024-06-27,Wires & Cables,16.1,53.4,0.1143609949824748,0.08609035332170972,0.10690695786957351,NONE (Neutral),4.08596263475381
2024-06-28,Wires & Cables,12.5,45.6,0.18366462659115967,0.1596573335846614,0.21421832924661,NONE (Neutral),5.009370211731544
2024-07-01,Wires & Cables,25.8,62.3,0.16371661989657876,0.08399570271132098,0.10680773236003627,NONE (Neutral),2.7145656053534695
2024-07-02,Wires & Cables,22.8,67.2,0.16615435353875332,0.08406178773253652,0.08603447756733358,NONE (Neutral),1.5528778727313943
2024-07-03,Wires & Cables,53.0,84.1,0.23319288625258827,0.1306557342547525,0.14034238934979384,NONE (Neutral),-1.2408338047727359
2024-07-04,Wires & Cables,55.4,76.6,0.145408752331787,0.1413852709288622,0.1382128212922177,WATCH (Unusual Precursor),-1.1197657035579376
2024-07-05,Wires & Cables,61.5,72.0,0.12644138896742138,0.10338335742489108,0.11803949409843108,WATCH (Unusual Precursor),-2.15057791026377
2024-07-08,Wires & Cables,50.4,68.3,0.10608629572953425,0.0754915885704717,0.07186979421858791,NONE (Neutral),0.4838767243099592
2024-07-09,Wires & Cables,39.6,59.6,0.13700331687300057,0.11680601256910426,0.10574801105253596,NONE (Neutral),2.0213560118795098
2024-07-10,Wires & Cables,28.6,57.4,0.13777274745861123,0.12476938806274707,0.10166959837849958,NONE (Neutral),2.8142615526989374
2024-07-11,Wires & Cables,39.1,59.2,0.16898300945967767,0.08837947716680342,0.09636723150897646,NONE (Neutral),-0.3671093723209655
2024-07-12,Wires & Cables,32.3,51.7,0.12247166922715523,0.08122154849571617,0.08960235396304411,NONE (Neutral),-3.079591915158416
2024-07-15,Wires & Cables,54.4,61.5,0.1850371285091954,0.10041102928435353,0.1016890155996387,NONE (Neutral),-4.338699631048846
2024-07-16,Wires & Cables,59.7,64.2,0.14503522119493126,0.08187749294137209,0.08096351947283689,WATCH (Unusual Precursor),-4.812625044275982
2024-07-17,Wires & Cables,56.7,65.3,0.10350082939988299,0.07688403929479792,0.08013533585969722,WATCH (Unusual Precursor),-3.793132168372767
2024-07-18,Wires & Cables,27.1,42.2,0.1336801194671254,0.12998060157056276,0.14453922093434834,NONE (Neutral),-0.399684956501319
2024-07-19,Wires & Cables,22.5,26.8,0.13088632124522953,0.13038904928693362,0.12279984802152384,NONE (Neutral),4.509985212579916
2024-07-22,Wires & Cables,25.8,25.8,0.1888729140888054,0.09942822973018701,0.08230676948656984,NONE (Neutral),5.061562377712683
2024-07-23,Wires & Cables,23.8,30.6,0.18304943479642308,0.09023902016769259,0.08218658732159383,NONE (Neutral),5.455317582263221
2024-07-24,Wires & Cables,20.8,38.2,0.20605927373550753,0.09230101922385829,0.08621673283323812,NONE (Neutral),5.024475018939332
2024-07-25,Wires & Cables,41.4,46.4,0.16826156947873697,0.10864617770345522,0.10576868675367954,NONE (Neutral),4.056454032192132
2024-07-26,Wires & Cables,60.2,59.1,0.12644138896742138,0.10142091694965227,0.10848105056183205,WATCH (Unusual Precursor),1.8072177749537195
2024-07-29,Wires & Cables,65.8,66.0,0.12644138896742138,0.09832501605002376,0.10932051170507677,EARLY (Elevated Probability),-2.9002186575970885
2024-07-30,Wires & Cables,66.0,58.9,0.12644138896742138,0.10282008204447017,0.10840143018331255,EARLY (Elevated Probability),-4.356497070110987
2024-07-31,Wires & Cables,66.4,62.2,0.12644138896742138,0.0993213228330479,0.10932051170507677,EARLY (Elevated Probability),-2.479419520177833
2024-08-01,Wires & Cables,72.1,62.1,0.12447275961299285,0.1025651780518906,0.09845276567126965,EARLY (Elevated Probability),-3.011989917905561
2024-08-02,Wires & Cables,47.8,49.5,0.11696108837050176,0.10520285773856007,0.09845275975404338,NONE (Neutral),-1.7603534067526025
2024-08-05,Wires & Cables,23.8,22.8,0.13930324564252228,0.1115575629277957,0.11859602405716166,NONE (Neutral),2.080356868554824
2024-08-06,Wires & Cables,18.1,21.1,0.14299424672942665,0.10716974547614545,0.1040630160531977,NONE (Neutral),1.5417066577701128
2024-08-07,Wires & Cables,28.0,41.1,0.2057937488665092,0.11223189762204461,0.10776059919067123,NONE (Neutral),-2.0757398554223543
2024-08-08,Wires & Cables,17.9,28.2,0.16104143187347827,0.09887561211924825,0.10371629382538294,NONE (Neutral),-1.5479226470759955
2024-08-09,Wires & Cables,19.1,30.6,0.22823020696964066,0.12809230112460238,0.15592755274587528,NONE (Neutral),-1.2050017624484843
2024-08-12,Wires & Cables,54.7,38.3,0.12281298533456107,0.10787479095391189,0.1091949291427507,NONE (Neutral),0.6316730995476019
2024-08-13,Wires & Cables,48.9,37.1,0.12659835620866908,0.13158382455145748,0.14579908958784493,NONE (Neutral),3.683491722028839
2024-08-14,Wires & Cables,21.9,28.9,0.12844793379483588,0.1063713791680472,0.11072740419344411,NONE (Neutral),5.6691974112632515
2024-08-15,Wires & Cables,33.0,31.3,0.12067950627209416,0.12914135062223156,0.13714885894215312,NONE (Neutral),6.089504615214909
2024-08-16,Wires & Cables,42.0,40.9,0.14725081887111915,0.09940833249085454,0.09863286664448473,NONE (Neutral),6.442091652004682
2024-08-19,Wires & Cables,52.1,51.6,0.13120848655582423,0.09138778149726509,0.08035371145361259,NONE (Neutral),6.568063183050136
2024-08-20,Wires & Cables,60.1,57.3,0.15336526372902823,0.11814749527838508,0.11602571348555767,WATCH (Unusual Precursor),4.827176390707573
2024-08-21,Wires & Cables,54.3,60.9,0.12812461973196945,0.11784409039282454,0.11141527171850589,NONE (Neutral),3.402417647651333
2024-08-22,Wires & Cables,60.5,65.8,0.12812461973196945,0.10803826600521278,0.11567926339188746,WATCH (Unusual Precursor),3.267301564272272
2024-08-23,Wires & Cables,66.4,67.3,0.12812461973196945,0.10314263559042712,0.10840143018331255,EARLY (Elevated Probability),2.1796763545160673
2024-08-26,Wires & Cables,76.0,74.2,0.15333092232891538,0.11820885282237552,0.12485891885878629,PRE-BREAKOUT (High Conviction),0.26583829626930927
2024-08-27,Wires & Cables,51.2,70.5,0.14216489014233066,0.1286997191591582,0.11920217286898756,NONE (Neutral),0.6666331955536634
2024-08-28,Wires & Cables,38.2,65.8,0.11655431221437769,0.11064966816774685,0.09501732366727339,NONE (Neutral),0.589402552768379
2024-08-29,Wires & Cables,43.0,59.3,0.1757334792838706,0.1528499242986315,0.13719654569943115,NONE (Neutral),0.3126133116331258
2024-08-30,Wires & Cables,32.6,61.2,0.16364139069202083,0.1041936440262339,0.1136746262135896,NONE (Neutral),-1.2350754724229756
2024-09-02,Wires & Cables,18.1,62.4,0.13225461392806256,0.12412357749850451,0.12395391560782405,NONE (Neutral),-2.3013529175555103
2024-09-03,Wires & Cables,18.8,59.7,0.19627960925197666,0.12017848415613908,0.12179645938214591,NONE (Neutral),-1.8765573758691803
2024-09-04,Wires & Cables,27.1,53.4,0.12492525459034615,0.09590765578832802,0.09647974469468404,NONE (Neutral),-0.8433195104677799
2024-09-05,Wires & Cables,24.6,56.9,0.14584076448139213,0.08696772135298245,0.09659299866498405,NONE (Neutral),-0.07730220312676346
2024-09-06,Wires & Cables,16.0,48.7,0.12005678280564853,0.1003536207710479,0.09958672558987688,NONE (Neutral),2.5744633811518844
2024-09-09,Wires & Cables,16.8,45.8,0.12005678280564853,0.0916524657711801,0.08738759676368306,NONE (Neutral),4.028875667678325
2024-09-10,Wires & Cables,31.5,52.8,0.16175536745128297,0.07576985239823224,0.08578925560697273,NONE (Neutral),1.7196998245897872
2024-09-11,Wires & Cables,32.0,54.0,0.16175536745128297,0.07576985239823224,0.08713270742028188,NONE (Neutral),0.217051644703506
2024-09-12,Wires & Cables,36.1,59.4,0.17854088976118707,0.1121732302847015,0.11157108706774461,NONE (Neutral),-2.6169543546732186
2024-09-13,Wires & Cables,50.3,63.6,0.11629445629038115,0.0817836199120742,0.08600116408806327,NONE (Neutral),-2.957209920633178
2024-09-16,Wires & Cables,55.8,63.7,0.12644138896742138,0.09886781784511597,0.09907934458771381,WATCH (Unusual Precursor),-1.6416326300530846
2024-09-17,Wires & Cables,41.4,53.5,0.10397990740572294,0.07261330503161717,0.0705610444008272,NONE (Neutral),0.09028333381805538
2024-09-18,Wires & Cables,38.6,43.0,0.11260982609665406,0.0702395369868574,0.07929247529048215,NONE (Neutral),0.028794891061939516
2024-09-19,Wires & Cables,20.7,34.6,0.12496692671973972,0.0916524657711801,0.08738759676368306,NONE (Neutral),1.3919486557582044
2024-09-20,Wires & Cables,29.8,35.9,0.185490974766843,0.09230101922385829,0.08588705288725,NONE (Neutral),0.7301398362574583
2024-09-23,Wires & Cables,45.4,47.9,0.16175536745128297,0.08283888680036917,0.07987302999394749,NONE (Neutral),-0.9149549945128349
2024-09-24,Wires & Cables,48.2,50.4,0.1460215700360921,0.09670185113624072,0.09182401957117013,NONE (Neutral),-0.8274360695158277
2024-09-25,Wires & Cables,41.8,44.4,0.11741616435908094,0.09872729526887261,0.09831005288996297,NONE (Neutral),0.0913754532806893
2024-09-26,Wires & Cables,52.2,38.9,0.11205111880567357,0.09026255198669589,0.08722402828001372,NONE (Neutral),-1.0412625318644373
2024-09-27,Wires & Cables,47.8,37.2,0.11130793304697434,0.0739982967635067,0.07185652796554712,NONE (Neutral),-1.983312484659864
2024-09-30,Wires & Cables,40.3,40.1,0.11515776504125923,0.0689704201529703,0.07855682952109899,NONE (Neutral),-5.949932749537329
2024-10-01,Wires & Cables,34.7,43.9,0.16175536745128297,0.07576985239823224,0.08535998597608548,NONE (Neutral),-4.003164273696845
2024-10-02,Wires & Cables,49.0,44.3,0.09320206965919255,0.06784465970091592,0.06818166272415137,NONE (Neutral),-1.8400984973489762
2024-10-03,Wires & Cables,35.2,29.9,0.11413298357641838,0.07614687904291376,0.08744557116310352,NONE (Neutral),0.7592350191628059
2024-10-04,Wires & Cables,30.3,27.2,0.1198408118383935,0.08755447194183019,0.08462544288245172,NONE (Neutral),1.3541132003830005
2024-10-07,Wires & Cables,15.6,15.9,0.12783328023672724,0.15307003526047216,0.152078456138827,NONE (Neutral),6.161046438683008
2024-10-08,Wires & Cables,32.0,28.5,0.1974967469127997,0.0915897707773363,0.1108378838049271,NONE (Neutral),3.126808884822069
2024-10-09,Wires & Cables,39.6,37.6,0.18692894704609372,0.0915897707773363,0.10677566630999938,NONE (Neutral),1.5673024173354266
2024-10-10,Wires & Cables,51.8,46.6,0.15786589015269245,0.12743152638963784,0.12805750350300135,NONE (Neutral),-0.3905613161151899
2024-10-11,Wires & Cables,50.7,43.7,0.12671842950010812,0.11404459977866949,0.11510788935541394,NONE (Neutral),-1.1458689621413811
2024-10-14,Wires & Cables,61.0,43.9,0.13157668103175602,0.12469252544557125,0.12126061099042347,WATCH (Unusual Precursor),-3.2008398012584736
2024-10-15,Wires & Cables,50.7,42.7,0.1107285157579435,0.12061136223061515,0.09537077707590079,NONE (Neutral),-6.627894581249522
2024-10-16,Wires & Cables,63.5,48.8,0.1450074388400988,0.12887819129596087,0.1226130401303123,WATCH (Unusual Precursor),-6.694120748581438
2024-10-17,Wires & Cables,41.4,45.9,0.13121975782785958,0.14845079375984088,0.15178158371853442,NONE (Neutral),-6.229668734167401
2024-10-18,Wires & Cables,32.4,35.3,0.12076886909613867,0.08001553980672757,0.09735645388320878,NONE (Neutral),-6.986543089719257
2024-10-21,Wires & Cables,25.8,28.0,0.1253353205420471,0.10716974547614545,0.10532750500185081,NONE (Neutral),-4.930403231938904
2024-10-22,Wires & Cables,16.2,15.9,0.11501013202697068,0.12620837940634955,0.12052428699327486,NONE (Neutral),-0.32465742673567377
2024-10-23,Wires & Cables,28.0,17.5,0.1884668403170773,0.11514122012455746,0.1173140011152562,NONE (Neutral),1.0315351183713837
2024-10-24,Wires & Cables,8.5,15.6,0.13586310795612666,0.11890467424922391,0.11623107746335547,NONE (Neutral),2.789585393251723
2024-10-25,Wires & Cables,15.5,10.8,0.11827184050124051,0.11101711244911629,0.10129000410719807,NONE (Neutral),6.020101037412953
2024-10-28,Wires & Cables,23.2,14.5,0.19096374795167437,0.12399346503191631,0.1052940428742319,NONE (Neutral),3.22460697187225
2024-10-29,Wires & Cables,32.3,14.8,0.1671766829462256,0.09851001053543704,0.10782643217993593,NONE (Neutral),3.2550903076646205
2024-10-30,Wires & Cables,33.1,20.7,0.15599539373003374,0.12930005172353456,0.13256958460213353,NONE (Neutral),3.3648786766684484
2024-10-31,Wires & Cables,45.0,30.2,0.11874662183387522,0.08956854209215676,0.09351418567345232,NONE (Neutral),3.1131455073471805
2024-11-01,Wires & Cables,50.4,41.2,0.12718806054950973,0.10317922803659856,0.11772053807251384,NONE (Neutral),-0.0703177641718149
2024-11-04,Wires & Cables,40.7,28.8,0.10887506840568609,0.11438806604901702,0.10315202221121535,NONE (Neutral),1.22017110847126
2024-11-05,Wires & Cables,55.6,32.3,0.1408645378102074,0.1140995086054086,0.11654792547699577,WATCH (Unusual Precursor),-1.2873658897207003
2024-11-06,Wires & Cables,63.4,43.6,0.16180324791633222,0.11887500367485072,0.11831071985041543,WATCH (Unusual Precursor),-6.550344306626633
2024-11-07,Wires & Cables,50.8,37.9,0.142441622026844,0.08788143514114775,0.08953968517287135,NONE (Neutral),-7.449185082422463
2024-11-08,Wires & Cables,23.4,27.5,0.11660301842456275,0.08207960681531182,0.09429667287652532,NONE (Neutral),-6.431596382822176
2024-11-11,Wires & Cables,25.1,21.6,0.12187848497103701,0.08705987417001657,0.09919374734155517,NONE (Neutral),-3.5174772083415213
2024-11-12,Wires & Cables,28.2,18.8,0.12293385374437364,0.09115178408249952,0.09984304733613038,NONE (Neutral),-1.9998267671904997
2024-11-13,Wires & Cables,12.8,9.5,0.11324817121118844,0.130820422108903,0.11917227552369178,NONE (Neutral),-0.6307973954488745
2024-11-14,Wires & Cables,16.8,11.7,0.1280136165870079,0.10912236323508322,0.10865772436728703,NONE (Neutral),0.45728327499834104
2024-11-18,Wires & Cables,10.8,11.0,0.13319067693657424,0.12133862628210257,0.13667153977164034,NONE (Neutral),1.9078820203805489
2024-11-19,Wires & Cables,37.6,21.5,0.16884684491767496,0.09560504210347878,0.09184694450028848,NONE (Neutral),0.3435025044379097
2024-11-20,Wires & Cables,41.0,24.4,0.12908569558809693,0.11262664495099359,0.12496675879214512,NONE (Neutral),1.0890406441832252
2024-11-21,Wires & Cables,34.4,16.9,0.10220314373530429,0.08281004148620562,0.0757236807040384,NONE (Neutral),3.4972878538970598
2024-11-22,Wires & Cables,36.6,18.0,0.15303594643035093,0.08780116514701507,0.10308929877168371,NONE (Neutral),3.197534442723014
2024-11-25,Wires & Cables,43.9,27.7,0.11874662183387522,0.09770811924014904,0.09039259723937515,NONE (Neutral),2.7824954480747888
2024-11-26,Wires & Cables,35.6,25.6,0.15512953304377078,0.08716986591438314,0.10815753115594616,NONE (Neutral),4.001804260740255
2024-11-27,Wires & Cables,47.3,27.9,0.16236865849877574,0.1038217603721966,0.11160634679026876,NONE (Neutral),3.9183847261562046
2024-11-28,Wires & Cables,62.8,33.6,0.1210747586112578,0.09383835414827886,0.08953968517287135,WATCH (Unusual Precursor),4.329384856652771
2024-11-29,Wires & Cables,54.8,31.3,0.13091508390809317,0.09532717347440586,0.0939959400153724,NONE (Neutral),4.869004622410416
2024-12-02,Wires & Cables,60.8,41.1,0.1573746321783482,0.11148942918243432,0.11831071985041543,WATCH (Unusual Precursor),3.8101675596126414
2024-12-03,Wires & Cables,75.0,47.2,0.14136448282925768,0.1097901272045477,0.1208605644008082,PRE-BREAKOUT (High Conviction),4.047444043393386
2024-12-04,Wires & Cables,66.6,50.2,0.15256760321066784,0.1097901272045477,0.12507505800801502,EARLY (Elevated Probability),2.9621790645050043
2024-12-05,Wires & Cables,79.2,59.2,0.17139230672323555,0.11009512363877592,0.11563884701616013,PRE-BREAKOUT (High Conviction),0.41550118637333455
2024-12-06,Wires & Cables,70.3,55.7,0.14659024224046294,0.10145001759434279,0.11614475758449,EARLY (Elevated Probability),-0.5967555513307947
2024-12-09,Wires & Cables,60.1,59.7,0.13712718510939534,0.10469184357667337,0.11476351459734016,WATCH (Unusual Precursor),0.6003936768621635
2024-12-10,Wires & Cables,78.2,63.4,0.1917442741257497,0.105943051330251,0.12798824647840248,PRE-BREAKOUT (High Conviction),-1.2428885071480824
2024-12-11,Wires & Cables,54.6,64.8,0.16859244922289224,0.1726444023304694,0.15085589657195297,NONE (Neutral),-1.7447491856287223
2024-12-12,Wires & Cables,35.8,66.1,0.10851149504250827,0.07608369473771384,0.07506044602447441,NONE (Neutral),-0.9931122386923569
2024-12-13,Wires & Cables,38.0,63.6,0.10371527019001385,0.0696492514528951,0.07499592096522667,NONE (Neutral),-2.8233085805214593
2024-12-16,Wires & Cables,45.3,66.5,0.1396041255771835,0.07975511866260344,0.07970688167913388,NONE (Neutral),-4.619139302000659
2024-12-17,Wires & Cables,37.4,53.4,0.12888454613089217,0.10508932741416407,0.09541636514473632,NONE (Neutral),-3.596192183954598
2024-12-18,Wires & Cables,26.5,44.6,0.17162507455007533,0.15292100773382286,0.1496554710935862,NONE (Neutral),-2.8188388231924133
2024-12-19,Wires & Cables,27.9,44.1,0.12492525459034615,0.09590765578832802,0.09647974469468404,NONE (Neutral),-2.510929756896784
2024-12-20,Wires & Cables,20.0,36.1,0.13095186458704175,0.10717394440269572,0.11036815126851447,NONE (Neutral),-0.7016735016333828
2024-12-23,Wires & Cables,16.0,29.4,0.13397848191669287,0.08643435231047585,0.08190499777843871,NONE (Neutral),-0.3588693736763355
2024-12-24,Wires & Cables,29.0,32.8,0.185490974766843,0.09599710285269086,0.09255964629368345,NONE (Neutral),-0.9636775234187391
2024-12-25,Wires & Cables,31.6,32.1,0.11843761958271262,0.0689704201529703,0.08020065444124612,NONE (Neutral),0.3122122262212419
2024-12-26,Wires & Cables,27.9,28.2,0.12129228369904549,0.07664597693128368,0.08984116129629031,NONE (Neutral),1.397237039850884
2024-12-27,Wires & Cables,33.7,30.2,0.12332218789661926,0.0689704201529703,0.0812698840931563,NONE (Neutral),1.0528658412546523
2024-12-30,Wires & Cables,44.2,26.5,0.11952921697800978,0.09763927987767274,0.09969221819821161,NONE (Neutral),-1.8046880598599486
2024-12-31,Wires & Cables,39.8,25.3,0.1489315757983704,0.07521792639256694,0.08692595081303732,NONE (Neutral),0.4603421225106987
2025-01-01,Wires & Cables,49.8,33.1,0.11676672867555594,0.0745419948571797,0.07453615389831555,NONE (Neutral),-2.2345631265446317
2025-01-02,Wires & Cables,53.8,36.2,0.11094247059551261,0.0798761812251908,0.07453615389831555,NONE (Neutral),-4.485500218699997
2025-01-03,Wires & Cables,47.3,30.8,0.09939664835625414,0.07540508005508227,0.07688603206428894,NONE (Neutral),-6.528986802335392
2025-01-06,Wires & Cables,26.0,14.6,0.1463276149964526,0.10790534181244789,0.13180613730636856,NONE (Neutral),-7.484425336299325
2025-01-07,Wires & Cables,53.8,26.1,0.159667963597145,0.09013055042123023,0.08816270566245368,NONE (Neutral),-8.355424322952508
2025-01-08,Wires & Cables,29.7,22.1,0.12440293526933485,0.08416170515789834,0.09919374734155517,NONE (Neutral),-6.17983932673061
2025-01-09,Wires & Cables,17.9,15.1,0.13427851277409825,0.10380210527773182,0.10526409779794871,NONE (Neutral),-3.8238413155215576
2025-01-10,Wires & Cables,15.4,8.6,0.12130923524555151,0.11855952545332768,0.11758991132740435,NONE (Neutral),-1.1276522414888928
2025-01-13,Wires & Cables,17.4,1.6,0.14318375572134323,0.14549804272572003,0.12685308059457734,NONE (Neutral),4.515785832515384
2025-01-14,Wires & Cables,25.5,2.8,0.18179607632712824,0.11514122012455746,0.1147462212559494,NONE (Neutral),1.2968656378269225
2025-01-15,Wires & Cables,14.8,7.1,0.21700546157558867,0.17108903386522245,0.13353780732492596,NONE (Neutral),-1.7146181408717724
2025-01-16,Wires & Cables,28.0,5.4,0.19033791712547343,0.1052032787222355,0.09578692599365426,NONE (Neutral),-2.352906665861958
2025-01-17,Wires & Cables,31.4,9.7,0.15121104828134468,0.10074007720887679,0.09704202764811101,NONE (Neutral),-5.006253768189847
2025-01-20,Wires & Cables,43.3,13.7,0.13335876730553722,0.0969523031497148,0.09607487409417562,NONE (Neutral),-8.717384914691175
2025-01-21,Wires & Cables,30.8,6.6,0.12629259119894282,0.1364335302760979,0.11148155892452273,NONE (Neutral),-9.691859319158262
2025-01-22,Wires & Cables,27.2,1.7,0.12129225417238697,0.09768798890984122,0.0889076283098617,NONE (Neutral),-5.163959353184155
2025-01-23,Wires & Cables,31.3,5.1,0.16666478502280752,0.0977278967875893,0.09556178357389059,NONE (Neutral),-5.428168321235554
2025-01-24,Wires & Cables,20.0,2.8,0.13253105669153437,0.11391260536730603,0.13675856867617334,NONE (Neutral),-1.7483494436854803
2025-01-27,Wires & Cables,19.0,0.0,0.13821170387782677,0.09622004160808971,0.12727288455987498,NONE (Neutral),-1.610370074923999
2025-01-28,Wires & Cables,25.8,0.0,0.17212305014728732,0.12571729365695464,0.12727288455987498,NONE (Neutral),1.2897037902910116
2025-01-29,Wires & Cables,34.6,0.0,0.2184425385161279,0.13813990244028262,0.16809833004868238,NONE (Neutral),-0.015225832814159403
2025-01-30,Wires & Cables,24.4,2.8,0.17490500202535653,0.09749315759262221,0.08805344661015932,NONE (Neutral),-0.030007106989606847
2025-01-31,Wires & Cables,32.7,1.2,0.13480070962261115,0.08671934358899346,0.09291189856677115,NONE (Neutral),-2.0618106131112106
2025-02-03,Wires & Cables,36.7,2.8,0.10293715278264332,0.19168375637153987,0.07207905799202835,NONE (Neutral),-0.34358519120331676
2025-02-04,Wires & Cables,37.6,2.4,0.1404972249466681,0.17177896872424628,0.13633720156937917,NONE (Neutral),-4.234924378504838
2025-02-05,Wires & Cables,46.3,5.2,0.12490996086512096,0.0824818804140222,0.07650864544706877,NONE (Neutral),-6.52281362107752
2025-02-06,Wires & Cables,46.4,8.3,0.13327204138827825,0.07734916563702014,0.08907852474466235,NONE (Neutral),-6.855822416654757
2025-02-07,Wires & Cables,28.4,5.4,0.15241460269110002,0.0817878825245456,0.0720340548245329,NONE (Neutral),-9.423381808839315
2025-02-10,Wires & Cables,38.2,8.4,0.24926130124035015,0.13212962350083268,0.11154824438075833,NONE (Neutral),-10.306967260081606
2025-02-11,Wires & Cables,35.6,2.9,0.5375481867696998,0.27213012936564507,0.09983225731744343,NONE (Neutral),-8.759318196173226
2025-02-12,Wires & Cables,37.1,4.0,0.24246259879059165,0.12641622836093025,0.1096529404817469,NONE (Neutral),-6.306701090970804
2025-02-13,Wires & Cables,28.0,4.2,0.12184843412271039,0.10383167019112202,0.10606342781213253,NONE (Neutral),-3.028372487511552
2025-02-14,Wires & Cables,21.8,0.0,0.1306835722718475,0.09735288434404442,0.1041188220858039,NONE (Neutral),0.430495252809275
2025-02-17,Wires & Cables,20.6,1.2,0.10943347239350242,0.09462788387313309,0.09077728761395025,NONE (Neutral),1.392007844688166
2025-02-18,Wires & Cables,22.6,0.0,0.16286809499637706,0.12373893652491712,0.18792746716268816,NONE (Neutral),2.9534705224352846
2025-02-19,Wires & Cables,33.2,1.2,0.18769567629486528,0.10270867278936928,0.09432382689655963,NONE (Neutral),-4.576323471459437
2025-02-20,Wires & Cables,39.4,5.2,0.19548829879208482,0.1268352694914949,0.09578692599365426,NONE (Neutral),-9.422951456000424
2025-02-21,Wires & Cables,53.1,6.4,0.14075600323545742,0.09798390658759763,0.09184694450028848,NONE (Neutral),-11.680448786321676
2025-02-24,Wires & Cables,33.1,2.4,0.12257005577220959,0.13212962350083268,0.11148155892452273,NONE (Neutral),-9.783752084642668
2025-02-25,Wires & Cables,32.3,6.5,0.1292221870440491,0.13212962350083268,0.12198480525628713,NONE (Neutral),-4.578632095348868
2025-02-27,Wires & Cables,38.9,0.0,0.32823293578100676,0.2504798237593096,0.2953077028953847,NONE (Neutral),2.9507886722423597
2025-02-28,Wires & Cables,31.6,0.0,0.1556435633433205,0.10324663634564411,0.16424663789483449,NONE (Neutral),7.199609897602971
2025-03-03,Wires & Cables,26.4,0.0,0.14357671266925517,0.13281763499674687,0.12370767228511036,NONE (Neutral),6.619515284287489
2025-03-04,Wires & Cables,33.5,0.0,0.1987973117307894,0.11969224876038988,0.1133760624897448,NONE (Neutral),4.089623190431868
2025-03-05,Wires & Cables,41.8,2.4,0.20339889576249431,0.14949563036389285,0.13200782927168336,NONE (Neutral),-1.7098570741188923
2025-03-06,Wires & Cables,50.0,3.6,0.1551152868870939,0.14988336644804431,0.11987771199548893,NONE (Neutral),-5.2053116638688675
2025-03-07,Wires & Cables,42.4,12.0,0.15289984367307627,0.1485782114195239,0.13648711695804436,NONE (Neutral),-8.816058960928434
2025-03-10,Wires & Cables,45.6,6.4,0.21033109026694594,0.14727448275739047,0.13250078890367242,NONE (Neutral),-4.705160015046722
2025-03-11,Wires & Cables,40.5,4.8,0.1279325776899617,0.13391673846704844,0.12198480525628713,NONE (Neutral),0.5503055067268517
2025-03-12,Wires & Cables,34.4,4.8,0.12690848228428545,0.13212962350083268,0.1270956425806616,NONE (Neutral),1.6801442735703354
2025-03-13,Wires & Cables,24.0,4.8,0.1352030650139496,0.12724963493826766,0.11604318483382518,NONE (Neutral),4.521106594214602
2025-03-17,Wires & Cables,24.8,0.0,0.15199036711139519,0.16352507222653803,0.14755127136205115,NONE (Neutral),7.877018022085732
2025-03-18,Wires & Cables,32.2,2.4,0.21826486958881666,0.1077359453373452,0.09723983356112606,NONE (Neutral),3.641312982601816
2025-03-19,Wires & Cables,56.8,16.6,0.23467182231859451,0.11163788722604479,0.09687990092157386,WATCH (Unusual Precursor),-2.652537781483839
2025-03-20,Wires & Cables,55.7,21.0,0.21970521775102028,0.18697697326473478,0.14712231938123357,WATCH (Unusual Precursor),-2.5521781131223373
2025-03-21,Wires & Cables,71.8,31.0,0.1387077680991302,0.11516206620870403,0.12126061099042347,EARLY (Elevated Probability),-4.274935778203034
2025-03-24,Wires & Cables,69.4,28.8,0.1387077680991302,0.19710347352977065,0.20858925042023502,EARLY (Elevated Probability),-2.8684538891867657
2025-03-25,Wires & Cables,52.1,16.7,0.15326078198702184,0.16182793287763406,0.11215871355271145,NONE (Neutral),0.6324548186741703
2025-03-26,Wires & Cables,32.3,11.9,0.1631871952320818,0.1825530321079433,0.1827040723416687,NONE (Neutral),3.931793659099489
2025-03-27,Wires & Cables,42.0,16.1,0.2769267595511685,0.09367134567635389,0.09719454789103853,NONE (Neutral),0.640338166965198
2025-03-28,Wires & Cables,32.3,21.2,0.1634387561572217,0.09494488387077617,0.09878247188000988,NONE (Neutral),-3.3172977133960986
2025-04-01,Wires & Cables,38.3,26.6,0.21883731563407574,0.088920342265004,0.09805518185000314,NONE (Neutral),-3.9777684596614207
2025-04-02,Wires & Cables,35.2,32.2,0.17143586733429908,0.08639656461897299,0.08953968517287135,NONE (Neutral),-6.082136630272874
2025-04-03,Wires & Cables,45.1,36.0,0.136197483001139,0.10499133018711601,0.08774279483352983,NONE (Neutral),-4.503516246003063
2025-04-04,Wires & Cables,29.8,14.0,0.13264138532325065,0.10171829884531929,0.12087763514935837,NONE (Neutral),1.9831400742735905
2025-04-07,Wires & Cables,26.3,4.0,0.11208882721717198,0.08001553980672757,0.0839256837654925,NONE (Neutral),6.95103686574154
2025-04-08,Wires & Cables,21.8,3.7,0.17115669611156353,0.09073804479830544,0.09619325632525572,NONE (Neutral),5.688084567573612
2025-04-09,Wires & Cables,15.3,4.0,0.12739632478304302,0.08207960681531182,0.08854858582984637,NONE (Neutral),9.52679216030708
2025-04-11,Wires & Cables,28.6,16.7,0.22302730573180388,0.10594943855563377,0.10253662466447225,NONE (Neutral),9.816539470438823
2025-04-15,Wires & Cables,48.0,36.0,0.17775540087646918,0.10943270357594154,0.09483599344529933,NONE (Neutral),6.907593772485666
2025-04-16,Wires & Cables,42.4,39.9,0.136197483001139,0.08788143514114775,0.09264190165586143,NONE (Neutral),6.764525412825159
2025-04-17,Wires & Cables,54.8,44.1,0.13157668103175602,0.18971960603539983,0.200393346366575,NONE (Neutral),3.9322478470134334
2025-04-21,Wires & Cables,60.9,59.9,0.1710769919088705,0.12013966786714697,0.11995869953657783,WATCH (Unusual Precursor),1.1860712811177232
2025-04-22,Wires & Cables,70.5,66.0,0.16571111728659724,0.11476623237843642,0.12390380313447846,EARLY (Elevated Probability),-2.5097920392059843
2025-04-23,Wires & Cables,59.0,65.6,0.13539746885961873,0.14010776045179282,0.12606319917594752,WATCH (Unusual Precursor),-5.082435016466602
2025-04-24,Wires & Cables,49.8,65.0,0.15127833236011134,0.11513285309226556,0.11743002676087637,NONE (Neutral),-5.647775956491627
2025-04-25,Wires & Cables,49.2,43.7,0.11552481893418837,0.12365955574998176,0.12232951581390772,NONE (Neutral),-0.2642375520022444
2025-04-28,Wires & Cables,31.8,42.4,0.1649287336696649,0.0852317971396304,0.09656113614842997,NONE (Neutral),-2.7266288168266777
2025-04-29,Wires & Cables,17.0,40.6,0.14616462155083207,0.10499807908978595,0.11864488961640662,NONE (Neutral),-1.5603353870726977
2025-04-30,Wires & Cables,16.8,27.5,0.1302240947734575,0.10716974547614545,0.1040630160531977,NONE (Neutral),-0.23629719066362762
2025-05-02,Wires & Cables,18.3,29.4,0.13837140532202838,0.10210163164917828,0.10214575964939264,NONE (Neutral),-0.39309828856093176
2025-05-05,Wires & Cables,47.2,42.0,0.2062956627776228,0.10080390838404092,0.10677566630999938,NONE (Neutral),2.148635923234103
2025-05-06,Wires & Cables,24.0,34.1,0.12867150781484138,0.08536384651697693,0.09919374734155517,NONE (Neutral),7.037734214536134
2025-05-07,Wires & Cables,40.7,36.1,0.15025532242423772,0.08639656461897299,0.08953968517287135,NONE (Neutral),9.945931125321103
2025-05-08,Wires & Cables,39.0,32.9,0.11157165571824777,0.08281004148620562,0.08306783841546564,NONE (Neutral),11.869836311677535
2025-05-09,Wires & Cables,42.6,31.0,0.11952921697800978,0.09755733475027688,0.09518070974714761,NONE (Neutral),14.813313889356762
2025-05-12,Wires & Cables,58.4,67.0,0.16666686372740788,0.1366293022247669,0.12046147330873047,WATCH (Unusual Precursor),10.743714468986909
2025-05-13,Wires & Cables,63.5,77.1,0.15361531886338883,0.12679043591056569,0.12166478449798201,WATCH (Unusual Precursor),5.5618263171283475
2025-05-14,Wires & Cables,66.7,86.3,0.17376160771531843,0.15433740078172922,0.13305097712128072,EARLY (Elevated Probability),3.5885431073134124
2025-05-15,Wires & Cables,61.8,83.9,0.16178097387031928,0.140464637318557,0.14577031937556573,WATCH (Unusual Precursor),2.2217057294716698
2025-05-16,Wires & Cables,67.9,92.0,0.15426537903352236,0.16073320259698443,0.16106718370722328,EARLY (Elevated Probability),1.2620514668938865
2025-05-19,Wires & Cables,70.1,90.9,0.19965478540171153,0.12345033716667636,0.13666384307811896,EARLY (Elevated Probability),0.5522463898970092
2025-05-20,Wires & Cables,45.5,80.7,0.14030114026142937,0.18328913940873678,0.1506430133188416,NONE (Neutral),2.582705835649695
2025-05-21,Wires & Cables,46.7,78.8,0.20428421466012073,0.1541452716414399,0.1577813825540603,NONE (Neutral),1.8223873133507735
2025-05-22,Wires & Cables,41.0,77.5,0.16208602456828003,0.1027822361673742,0.10567089228024511,NONE (Neutral),1.5043620430304407
2025-05-23,Wires & Cables,37.0,70.8,0.197137713871465,0.15243091438008638,0.1248641627313109,NONE (Neutral),1.3440327598158461
2025-05-26,Wires & Cables,25.2,78.7,0.22753041148438718,0.11647512042159945,0.11901039676903874,NONE (Neutral),0.46320474619294755
2025-05-27,Wires & Cables,29.4,78.5,0.1883392343926409,0.14440306444766648,0.14154541376966623,NONE (Neutral),0.5892498624028885
2025-05-28,Wires & Cables,29.3,78.5,0.20122361325719812,0.1892947881523349,0.16262554088515613,NONE (Neutral),0.51793785804384
2025-05-29,Wires & Cables,17.2,77.4,0.12753624520788748,0.08534455487659492,0.10120298729480898,NONE (Neutral),1.5979981779350994
2025-05-30,Wires & Cables,23.9,81.5,0.19915907107634737,0.08802684490777386,0.0927196131634576,NONE (Neutral),1.428531868620785
2025-06-02,Wires & Cables,31.7,82.9,0.2376428944074591,0.11674382539233276,0.15049525889202625,NONE (Neutral),2.3387210111291963
2025-06-03,Wires & Cables,37.7,85.8,0.3059051390054515,0.09627250955475919,0.10537726632522001,NONE (Neutral),1.9738205155251691
2025-06-04,Wires & Cables,30.6,85.7,0.2929297840280722,0.09138644275630514,0.10537726632522001,NONE (Neutral),1.8121307672806384
2025-06-05,Wires & Cables,49.1,90.6,0.3088539849067681,0.13662431769378183,0.17384932693458327,NONE (Neutral),-0.06432571639811169
2025-06-06,Wires & Cables,33.7,83.8,0.17097586389125724,0.09748443004708995,0.10033231549788313,NONE (Neutral),-1.469501270106826
2025-06-09,Wires & Cables,47.7,88.3,0.2023567045616513,0.09275082431764967,0.1012285895886395,NONE (Neutral),-2.101763204220447
2025-06-10,Wires & Cables,44.3,82.1,0.21462966834957908,0.15942030379542227,0.1361674860797451,NONE (Neutral),-1.7391363111877078
2025-06-11,Wires & Cables,52.0,78.2,0.27954047432425283,0.2176955437797915,0.2697917861242715,NONE (Neutral),-2.085470361396528
2025-06-12,Wires & Cables,35.0,71.1,0.2411805211925038,0.13436128850329743,0.14944384343815906,NONE (Neutral),-3.2084526839285035
2025-06-13,Wires & Cables,41.0,59.3,0.11795051484380227,0.07255871491010521,0.0799232124837556,NONE (Neutral),-0.9827627135036812
2025-06-16,Wires & Cables,40.9,58.7,0.20322605509846398,0.0965154798687553,0.23896219687318562,NONE (Neutral),-0.36697886329695534
2025-06-17,Wires & Cables,43.4,60.4,0.1781371235159067,0.09120087212619858,0.09860069470205939,NONE (Neutral),0.22888467756103073
2025-06-18,Wires & Cables,28.9,46.6,0.14042019517973545,0.09688210151548293,0.1736977486453272,NONE (Neutral),2.7512940589623756
2025-06-19,Wires & Cables,27.6,34.2,0.1268913814152407,0.11095552207980516,0.10086818287205787,NONE (Neutral),6.561824025102701
2025-06-20,Wires & Cables,41.4,44.3,0.1824534800870934,0.10506301483320844,0.11065912617016906,NONE (Neutral),4.753605694480325
2025-06-23,Wires & Cables,47.2,46.0,0.1824534800870934,0.10683118568220512,0.10557810040112867,NONE (Neutral),4.933335825328072
2025-06-24,Wires & Cables,52.3,61.0,0.14193450337627989,0.07975511866260344,0.07613939420845171,NONE (Neutral),4.335354536123392
2025-06-25,Wires & Cables,68.6,68.3,0.13728918467177392,0.11309584448630035,0.12328320085745292,EARLY (Elevated Probability),2.7667743645185956
2025-06-26,Wires & Cables,68.5,69.4,0.15067139709815033,0.12282761957846774,0.13232585363372312,EARLY (Elevated Probability),2.74240133847817
2025-06-27,Wires & Cables,65.5,68.8,0.12347094455863017,0.10866556484289791,0.11704152266101714,EARLY (Elevated Probability),3.259659084768016
2025-06-30,Wires & Cables,66.0,71.7,0.15067139709815033,0.10193528319459262,0.11373802800979908,EARLY (Elevated Probability),1.535262224927084
2025-07-01,Wires & Cables,52.2,70.2,0.12639767583524797,0.09851031436083299,0.09465855161895954,NONE (Neutral),1.1314204517180086
2025-07-02,Wires & Cables,53.8,71.9,0.19575620829094514,0.11519094802729034,0.08628920587004778,NONE (Neutral),1.0219473358683844
2025-07-03,Wires & Cables,56.1,72.5,0.16892955495502104,0.08248051210755471,0.08516006053103407,WATCH (Unusual Precursor),0.7620739343694642
2025-07-04,Wires & Cables,50.3,72.7,0.1994026233351766,0.10958287018603319,0.09597837538501502,NONE (Neutral),-0.09934153790871442
2025-07-07,Wires & Cables,44.6,64.4,0.1741260884581569,0.13009461571312508,0.1399719133444489,NONE (Neutral),0.38304952912843504
2025-07-08,Wires & Cables,37.9,61.6,0.14805317784643762,0.10138766185072141,0.11489299918998798,NONE (Neutral),1.3611964985270633
2025-07-09,Wires & Cables,34.8,57.5,0.14270247793541338,0.0783462191088729,0.0819149512739734,NONE (Neutral),1.4101394285027782
2025-07-10,Wires & Cables,35.8,61.9,0.1993368712391468,0.13501864827626547,0.10941777348344583,NONE (Neutral),0.9972967192108909
2025-07-11,Wires & Cables,28.1,60.7,0.1254233091283342,0.07704497227035381,0.08422501498497431,NONE (Neutral),1.405224615517804
2025-07-14,Wires & Cables,38.0,57.0,0.19073394468852203,0.14093823767890565,0.10246244534751432,NONE (Neutral),1.7401217823246165
2025-07-15,Wires & Cables,31.4,60.1,0.19278830480684106,0.1354983156454279,0.1165968091403597,NONE (Neutral),0.37510506769408064
2025-07-16,Wires & Cables,41.8,63.9,0.16588339998258267,0.08889578358085772,0.09077809217904445,NONE (Neutral),-0.5060256738186425
2025-07-17,Wires & Cables,36.6,65.3,0.16350209035112134,0.08400835345464053,0.09868569572585784,NONE (Neutral),-1.3509346955108816
2025-07-18,Wires & Cables,40.2,69.3,0.11351326072869582,0.11984462335175149,0.1171977246417035,NONE (Neutral),-2.8093780990450536
2025-07-21,Wires & Cables,48.7,64.2,0.14503522119493126,0.07765922815182276,0.07613939420845171,NONE (Neutral),-4.170407975497259
2025-07-22,Wires & Cables,46.0,65.4,0.10820142687603343,0.0811984177489348,0.07419590525488594,NONE (Neutral),-2.541693807457977
2025-07-23,Wires & Cables,34.9,55.8,0.18794870833180335,0.12419668056521341,0.23517390206905797,NONE (Neutral),-1.697942961202267
2025-07-24,Wires & Cables,36.0,51.7,0.13291145507324426,0.10782469109259304,0.2535092475889855,NONE (Neutral),-2.4072981388661185
2025-07-25,Wires & Cables,22.3,40.8,0.12496692671973972,0.10717394440269572,0.10644427475421776,NONE (Neutral),-2.4163691819803974
2025-07-28,Wires & Cables,24.6,37.9,0.11570276121776259,0.08643435231047585,0.08287399092606285,NONE (Neutral),-1.370311905267245
2025-07-29,Wires & Cables,39.9,40.1,0.2016445863302723,0.09942822973018701,0.11028746216668935,NONE (Neutral),-3.0938957175169524
2025-07-30,Wires & Cables,32.7,39.5,0.1794480290204251,0.11129440750401781,0.10858174087760493,NONE (Neutral),-5.120899825339465
2025-07-31,Wires & Cables,29.8,30.4,0.12641499032533507,0.08987577700410096,0.09037571975887183,NONE (Neutral),-4.024455660176989
2025-08-01,Wires & Cables,27.2,24.5,0.12496692671973972,0.0916524657711801,0.09037571975887183,NONE (Neutral),-3.042487265420985
2025-08-04,Wires & Cables,35.6,27.4,0.12863459247352027,0.07321785967762301,0.0812698840931563,NONE (Neutral),-3.036569717250697
2025-08-05,Wires & Cables,21.1,23.0,0.12754420897306856,0.08861625226710994,0.0843410834399266,NONE (Neutral),-2.5045318241362775
2025-08-06,Wires & Cables,22.2,20.4,0.1244383984428837,0.09503027624128861,0.10020260536371221,NONE (Neutral),-0.8637053120393394
2025-08-07,Wires & Cables,30.4,18.1,0.1135519923760541,0.07621235883344522,0.07543333073979021,NONE (Neutral),-0.9903244943477176
2025-08-08,Wires & Cables,28.8,12.6,0.14747812344653385,0.08549700765975453,0.10425267996528127,NONE (Neutral),0.20266470951375304
2025-08-11,Wires & Cables,27.2,16.3,0.17213922197041698,0.10493298647579377,0.10133832903117522,NONE (Neutral),1.0012491806345405
2025-08-12,Wires & Cables,37.0,17.1,0.12794436680370802,0.11035806894840483,0.107259444464657,NONE (Neutral),3.058473525609543
2025-08-13,Wires & Cables,39.4,18.1,0.13827500531543452,0.08529210709050183,0.09317077887410202,NONE (Neutral),3.6767725883612146
2025-08-14,Wires & Cables,41.2,20.5,0.12166822979206601,0.1232156254607837,0.1288613900157229,NONE (Neutral),3.3224707223249696
2025-08-18,Wires & Cables,51.6,22.3,0.12055164135041684,0.11632613669950007,0.10560260546421643,NONE (Neutral),24.96815029140521
2025-08-19,Wires & Cables,53.2,23.9,0.1210747586112578,0.08639656461897299,0.08953968517287135,NONE (Neutral),22.58943507972746
2025-08-20,Wires & Cables,55.0,30.6,0.11874662183387522,0.09069279807765655,0.08953968517287135,WATCH (Unusual Precursor),22.03108310331735
2025-08-21,Wires & Cables,72.1,38.2,0.14365487316022438,0.09540014403480626,0.0986684534119264,EARLY (Elevated Probability),19.985468020757757
2025-08-22,Wires & Cables,55.0,34.5,0.16902057745783453,0.1272182196260885,0.11279202229388688,WATCH (Unusual Precursor),17.780785629404313
2026-07-02,Wires & Cables,34.8,66.6,0.16443528513258188,0.26746869772690907,0.24918495138845836,NONE (Neutral),-1.6246667617873756
2026-07-03,Wires & Cables,30.6,72.1,0.1970707351528085,0.17597660992573685,0.31252003595952355,NONE (Neutral),0.1554062406541606
2026-07-06,Wires & Cables,49.0,73.9,0.14030212498604613,0.11867855759548664,0.2676271171072896,NONE (Neutral),-0.2428175821676485
2026-07-07,Wires & Cables,34.3,66.4,0.2099101923759934,0.15503186528808802,0.1404565172948579,NONE (Neutral),0.185736856555705
2026-07-08,Wires & Cables,36.1,64.9,0.15950049431691588,0.12149082177217115,0.1230210473727669,NONE (Neutral),2.8346691911758666
2026-07-09,Wires & Cables,17.4,76.1,0.13510447928811126,0.09537278273574994,0.0697847210990874,NONE (Neutral),1.9826347097169812
2026-07-10,Wires & Cables,20.4,72.6,0.13510447928811126,0.07970411917838616,0.06785564964952032,NONE (Neutral),-0.7624449848014431
2026-07-13,Wires & Cables,12.5,73.0,0.16109575160982814,0.08570462118725918,0.08683772520058504,NONE (Neutral),-0.43355264985269054
2026-07-14,Wires & Cables,15.9,72.0,0.10023761104385538,0.07537988468399091,0.07353921002138769,NONE (Neutral),0.5873901489275425
2026-07-15,Wires & Cables,9.6,71.0,0.12645282238253078,0.08367007550543412,0.0769481174588737,NONE (Neutral),-0.6101175572798467
2026-07-16,Wires & Cables,10.2,72.0,0.143976050501358,0.10732579245563005,0.0975828674506809,NONE (Neutral),-2.0506353744567987
2026-07-17,Wires & Cables,8.1,71.3,0.10489183535670171,0.08471057995787873,0.0734253480482862,NONE (Neutral),0.07468226268264096
2026-07-20,Wires & Cables,26.6,74.3,0.1373717379674817,0.08701073595536216,0.07973832527477838,NONE (Neutral),1.2790233775161937
2026-07-21,Wires & Cables,17.0,71.0,0.17303865164199728,0.11802086248793206,0.11851096305502855,NONE (Neutral),-1.067497491802419
2026-07-22,Wires & Cables,3.2,69.7,0.11099414000775719,0.08034568554690069,0.0870836216132584,NONE (Neutral),0.8680103791536631
2026-07-23,Wires & Cables,0.4,66.6,0.11099414000775719,0.07385633157997433,0.08441534852261033,NONE (Neutral),1.1606557691675925
2026-07-24,Wires & Cables,7.0,65.3,0.1568606331266362,0.07998224234049837,0.09129025018851777,NONE (Neutral),2.1150885505985966
2026-07-27,Wires & Cables,12.0,72.0,0.16109575160982814,0.08681740729139475,0.09466529813245445,NONE (Neutral),1.7001105649038253
2026-07-28,Wires & Cables,0.4,64.1,0.11099414000775719,0.07385633157997433,0.0857393028875704,NONE (Neutral),4.053710723866485
2026-07-29,Wires & Cables,12.2,68.9,0.13252190181938378,0.08769049351503715,0.08400171964447084,NONE (Neutral),4.655916083966546
2026-07-30,Wires & Cables,40.2,43.1,0.11397156564675827,0.06982407640743928,0.24115054096015126,NONE (Neutral),7.152413998073767
2026-07-31,Wires & Cables,50.4,48.8,0.16125432355529198,0.08241556678642203,0.12742780817121224,NONE (Neutral),5.774370723193903
2026-08-03,Wires & Cables,55.2,57.9,0.1821106429714953,0.11853809617246625,0.15190198895218807,WATCH (Unusual Precursor),5.0881219213734825
2026-08-04,Wires & Cables,58.9,55.1,0.10878505218843942,0.0818164654050703,0.09512625532682699,WATCH (Unusual Precursor),5.625126205437252
2026-08-05,Wires & Cables,58.9,65.1,0.1265820985508966,0.07765922815182276,0.09750943951347153,WATCH (Unusual Precursor),5.930212399277138
2026-08-06,Wires & Cables,71.7,67.2,0.12096963923729871,0.0817508961252316,0.14556341810135334,EARLY (Elevated Probability),4.854055304130056
2026-08-07,Wires & Cables,63.1,66.2,0.12333526050280527,0.08774122920982513,0.12639920895754603,WATCH (Unusual Precursor),3.750740274848939
2026-08-10,Wires & Cables,66.5,65.5,0.13348410099065652,0.0780635590751155,0.10478251281308375,EARLY (Elevated Probability),1.5484071312663277
2026-08-11,Wires & Cables,65.1,71.8,0.14054223619047543,0.09034185368283859,0.10990580459185072,EARLY (Elevated Probability),0.9112345879587257
2026-08-12,Wires & Cables,61.4,66.1,0.15276740940254557,0.08187749294137209,0.10707620456068206,WATCH (Unusual Precursor),-1.339527126978981
2026-08-13,Wires & Cables,48.0,68.6,0.17024716379340155,0.10708641968650962,0.15801181773142794,NONE (Neutral),-1.386023089994213
2026-08-14,Wires & Cables,34.0,64.7,0.10969826177228978,0.084414185403869,0.21768788020385607,NONE (Neutral),-1.0164296357769997
2026-07-02,Zinc & Non-Ferrous Alloys,45.0,14.7,0.12749750179087893,0.12366902325671851,0.12025627420298603,NONE (Neutral),0.4494760030196378
2026-07-03,Zinc & Non-Ferrous Alloys,58.8,46.4,0.20793155004827224,0.14603103675860335,0.15003991060828603,WATCH (Unusual Precursor),1.346759980996237
2026-07-06,Zinc & Non-Ferrous Alloys,58.5,38.2,0.19460235798197056,0.13493551743562027,0.12962061577459574,WATCH (Unusual Precursor),1.292385500526059
2026-07-07,Zinc & Non-Ferrous Alloys,43.4,31.4,0.15124135338453323,0.16406104997328003,0.16659899063649755,NONE (Neutral),0.8921212834625056
2026-07-08,Zinc & Non-Ferrous Alloys,46.6,17.8,0.14276909651959588,0.12975814110258385,0.1492595852521237,NONE (Neutral),2.2350703164932106
2026-07-09,Zinc & Non-Ferrous Alloys,73.9,49.4,0.1482871590276877,0.11523926690796123,0.119145855585345,EARLY (Elevated Probability),0.6191186163348128
2026-07-10,Zinc & Non-Ferrous Alloys,72.8,49.8,0.1891283134731159,0.14834851163042875,0.15657338940468993,EARLY (Elevated Probability),-3.8736900715844613
2026-07-13,Zinc & Non-Ferrous Alloys,55.0,49.3,0.12869440851037806,0.11037063436574605,0.1146032690730915,WATCH (Unusual Precursor),-3.1840769304982652
2026-07-14,Zinc & Non-Ferrous Alloys,52.8,47.9,0.15073359135894454,0.17295933882393746,0.151526588968382,NONE (Neutral),-1.1308220031340288
2026-07-15,Zinc & Non-Ferrous Alloys,54.8,46.6,0.1455540053962487,0.13292899928271093,0.12316435001878574,NONE (Neutral),-1.0571289474666035
2026-07-16,Zinc & Non-Ferrous Alloys,45.3,47.6,0.1420572464840937,0.14645227746117476,0.1496568852988311,NONE (Neutral),-1.4189068565773977
2026-07-17,Zinc & Non-Ferrous Alloys,32.3,46.8,0.1510335524776261,0.15836977525305954,0.13694336717370054,NONE (Neutral),1.1732212607175785
2026-07-20,Zinc & Non-Ferrous Alloys,40.0,47.1,0.20150296535018455,0.12917703705027794,0.12850297413514394,NONE (Neutral),1.2809474025810919
2026-07-21,Zinc & Non-Ferrous Alloys,44.0,47.2,0.19076469360723428,0.12917703705027794,0.13391806346568372,NONE (Neutral),-1.727016051723067
2026-07-22,Zinc & Non-Ferrous Alloys,27.2,33.6,0.20281333637348428,0.13876455547098118,0.14134165404290225,NONE (Neutral),-1.134128310327327
2026-07-23,Zinc & Non-Ferrous Alloys,23.0,27.2,0.13268188022194805,0.11084508738777805,0.1194648164958045,NONE (Neutral),-0.3649595418415409
2026-07-24,Zinc & Non-Ferrous Alloys,40.6,26.8,0.1660547582921052,0.12313752942476569,0.12879266382377633,NONE (Neutral),-0.3451587003264843
2026-07-27,Zinc & Non-Ferrous Alloys,32.0,33.4,0.18708867357515493,0.1733860909768573,0.16341973492484524,NONE (Neutral),0.7925634193866804
2026-07-28,Zinc & Non-Ferrous Alloys,24.0,29.6,0.1499355272475676,0.16120065145745321,0.17125965169262278,NONE (Neutral),-0.3896395933479567
2026-07-29,Zinc & Non-Ferrous Alloys,37.6,31.1,0.18255386012197275,0.12793907003713123,0.13703993192068525,NONE (Neutral),0.49548380598420694
2026-07-30,Zinc & Non-Ferrous Alloys,40.8,43.1,0.1248598969395214,0.11716275666892526,0.12074856045536751,NONE (Neutral),-0.2863600119083557
2026-07-31,Zinc & Non-Ferrous Alloys,64.0,50.0,0.1542931855135827,0.10142284227594467,0.10108267215265707,WATCH (Unusual Precursor),-0.85813393137659
2026-08-03,Zinc & Non-Ferrous Alloys,64.2,52.0,0.18462869705559276,0.12667905543144126,0.10568626798788411,WATCH (Unusual Precursor),-3.1595175896590173
2026-08-04,Zinc & Non-Ferrous Alloys,48.0,21.3,0.14773527271186251,0.10768663379745733,0.11167805910605322,NONE (Neutral),-0.8011945352150376
2026-08-05,Zinc & Non-Ferrous Alloys,50.2,24.1,0.19216856974175087,0.12052220036396569,0.12330334355957874,NONE (Neutral),-0.6733048564386014
2026-08-06,Zinc & Non-Ferrous Alloys,30.8,28.1,0.1625695503648629,0.1423295283044096,0.16375670266756642,NONE (Neutral),-1.1220203404444051
2026-08-07,Zinc & Non-Ferrous Alloys,35.0,25.9,0.1538851328495613,0.09933593695287402,0.11309402240598695,NONE (Neutral),-3.213555874336811
2026-08-10,Zinc & Non-Ferrous Alloys,36.5,39.5,0.12492525459034615,0.10128499395904199,0.08275362219657151,NONE (Neutral),-1.5890754057317258
2026-08-11,Zinc & Non-Ferrous Alloys,53.0,34.2,0.10829924580811119,0.09127668176032759,0.08894345873358275,NONE (Neutral),-1.4145096183310346
2026-08-12,Zinc & Non-Ferrous Alloys,51.7,35.6,0.15262043112979953,0.10031112624409212,0.1113389129879626,NONE (Neutral),-3.68680725936728
2026-08-13,Zinc & Non-Ferrous Alloys,42.8,34.8,0.11705011641437577,0.10407224073166572,0.09895274397530403,NONE (Neutral),-0.8834370909616274
2026-08-14,Zinc & Non-Ferrous Alloys,39.3,34.5,0.14494120561807114,0.14312666295075172,0.13249168394431116,NONE (Neutral),2.898131506563093
