industry,macro_sector,constituent_count,breadth_status,reliability_tier,confidence_score,current_strength,leadership_state,leadership_acceleration,forward_opportunity_score,best_horizon,final_opportunity_class,5D_exp_ret,10D_exp_ret,20D_exp_ret,30D_exp_ret,5D_exp_excess,10D_exp_excess,20D_exp_excess,30D_exp_excess,20D_P10,20D_P25,20D_P50,20D_P75,20D_P90,20D_P95,20D_P_pos,20D_P_gt_5,20D_P_gt_8,20D_P_gt_10,20D_P_gt_15,upside_asymmetry_score,model_consensus_score,analog_quality_score,data_completeness,regime_compatibility,primary_strength_rank,primary_opportunity_rank
Dairy Products,Other,5,PRIMARY_ELIGIBLE,MODERATE_RELIABILITY,45.0,42.4,NEUTRAL,50.0,53.1,30D,EMERGING LEADER,0.48,0.82,1.46,2.01,0.33,0.47,0.66,0.81,-7.17,-3.27,0.62,5.2,9.78,12.07,63.2,44.7,22.8,14.7,4.0,63.7,86.4,79.2,100.0%,HIGH,1,1
Packaging Materials & Containers,Other,8,PRIMARY_ELIGIBLE,MODERATE_RELIABILITY,57.0,22.2,NEUTRAL,50.0,41.0,30D,NEUTRAL,-0.7,-0.85,-0.9,-0.88,-0.85,-1.2,-1.7,-2.08,-8.84,-4.85,-0.87,4.99,10.84,14.43,41.7,20.1,10.1,6.7,2.4,71.7,86.4,79.2,100.0%,HIGH,15,2
Capital Goods,Other,30,PRIMARY_ELIGIBLE,VERY_HIGH_RELIABILITY,87.5,29.2,NEUTRAL,50.0,40.9,30D,NEUTRAL,-0.55,-0.64,-0.61,-0.52,-0.7,-0.99,-1.41,-1.72,-8.08,-4.03,0.02,4.8,9.59,11.77,44.4,21.9,10.9,7.3,2.5,60.6,86.4,79.2,100.0%,HIGH,2,3
Aerospace & Defence,Other,20,PRIMARY_ELIGIBLE,VERY_HIGH_RELIABILITY,82.5,26.3,NEUTRAL,50.0,39.3,30D,NEUTRAL,-0.8,-1.0,-1.1,-1.13,-0.95,-1.35,-1.9,-2.33,-9.8,-5.1,-0.41,5.73,11.87,20.37,39.9,18.9,9.6,6.4,2.3,67.3,86.4,79.2,100.0%,HIGH,6,4
Pipes & Tubes,Other,18,PRIMARY_ELIGIBLE,VERY_HIGH_RELIABILITY,81.5,26.9,NEUTRAL,50.0,38.5,30D,NEUTRAL,-0.68,-0.82,-0.86,-0.83,-0.83,-1.17,-1.66,-2.03,-8.67,-4.75,-0.82,3.13,7.09,9.44,42.1,20.3,10.2,6.8,2.4,53.4,86.4,79.2,100.0%,HIGH,4,5
Mining & Mineral Products,Other,8,PRIMARY_ELIGIBLE,MODERATE_RELIABILITY,57.0,21.2,NEUTRAL,50.0,37.8,30D,LAGGARD,-0.78,-0.97,-1.07,-1.09,-0.93,-1.32,-1.87,-2.29,-10.78,-6.02,-1.26,3.83,8.92,11.4,40.2,19.1,9.6,6.4,2.3,56.2,86.4,79.2,100.0%,HIGH,22,6
Banks,Other,45,PRIMARY_ELIGIBLE,VERY_HIGH_RELIABILITY,95.0,26.1,NEUTRAL,50.0,37.4,30D,LAGGARD,-0.77,-0.95,-1.04,-1.05,-0.92,-1.3,-1.84,-2.25,-6.07,-3.29,-0.51,2.26,5.03,6.94,40.5,19.3,9.7,6.5,2.3,52.7,86.4,79.2,100.0%,HIGH,8,7
"Textiles, Yarns & Apparel",Other,15,PRIMARY_ELIGIBLE,VERY_HIGH_RELIABILITY,80.0,24.0,NEUTRAL,50.0,37.1,30D,LAGGARD,-0.86,-1.07,-1.21,-1.27,-1.01,-1.42,-2.01,-2.47,-9.63,-5.08,-0.53,4.36,9.24,17.39,38.9,18.3,9.3,6.2,2.2,56.1,86.4,79.2,100.0%,HIGH,11,8
Transformers & T&D Equipment,Other,13,PRIMARY_ELIGIBLE,HIGH_RELIABILITY,74.0,26.2,NEUTRAL,50.0,36.8,30D,LAGGARD,-0.65,-0.78,-0.8,-0.75,-0.8,-1.13,-1.6,-1.95,-11.57,-5.49,0.6,5.38,10.16,13.45,42.6,20.7,10.4,6.9,2.4,40.0,86.4,79.2,100.0%,HIGH,7,9
Construction,Other,5,PRIMARY_ELIGIBLE,MODERATE_RELIABILITY,45.0,28.6,NEUTRAL,50.0,36.8,30D,LAGGARD,-0.72,-0.88,-0.95,-0.94,-0.87,-1.23,-1.75,-2.14,-9.62,-4.2,1.22,5.9,10.58,13.25,41.3,19.8,10.0,6.6,2.3,45.6,86.4,79.2,100.0%,HIGH,3,9
Automobile and Auto Components,Other,7,PRIMARY_ELIGIBLE,MODERATE_RELIABILITY,53.0,25.7,NEUTRAL,50.0,36.4,30D,LAGGARD,-0.85,-1.07,-1.21,-1.26,-1.0,-1.42,-2.01,-2.46,-11.01,-5.4,0.21,5.73,11.24,30.04,38.9,18.3,9.3,6.2,2.2,51.8,86.4,79.2,100.0%,HIGH,9,11
Lubricants & Specialty Oils,Other,5,PRIMARY_ELIGIBLE,MODERATE_RELIABILITY,45.0,20.2,NEUTRAL,50.0,36.3,30D,LAGGARD,-1.04,-1.33,-1.58,-1.72,-1.19,-1.68,-2.38,-2.92,-7.25,-3.93,-0.61,3.79,8.18,12.05,35.8,16.5,8.4,5.7,2.1,63.3,86.4,79.2,100.0%,HIGH,27,12
Tea & Coffee,Other,13,PRIMARY_ELIGIBLE,HIGH_RELIABILITY,74.0,22.0,NEUTRAL,50.0,35.9,30D,LAGGARD,-0.95,-1.2,-1.39,-1.49,-1.1,-1.55,-2.19,-2.69,-8.7,-4.44,-0.17,4.26,8.69,12.47,37.4,17.4,8.8,5.9,2.1,54.4,86.4,79.2,100.0%,HIGH,17,13
Sugar & Bio-Ethanol,Other,28,PRIMARY_ELIGIBLE,VERY_HIGH_RELIABILITY,86.5,22.1,NEUTRAL,50.0,35.7,30D,LAGGARD,-0.99,-1.26,-1.48,-1.59,-1.14,-1.61,-2.28,-2.79,-8.07,-4.33,-0.58,3.56,7.69,11.97,36.6,16.9,8.6,5.8,2.1,56.5,86.4,79.2,100.0%,HIGH,16,14
Breweries & Distilleries,Other,11,PRIMARY_ELIGIBLE,HIGH_RELIABILITY,68.0,20.9,NEUTRAL,50.0,35.6,30D,LAGGARD,-1.0,-1.27,-1.49,-1.61,-1.15,-1.62,-2.29,-2.81,-6.92,-3.41,0.1,3.91,7.72,10.39,36.5,16.9,8.6,5.8,2.1,55.6,86.4,79.2,100.0%,HIGH,25,15
Information Technology,Other,9,PRIMARY_ELIGIBLE,MODERATE_RELIABILITY,61.0,18.4,NEUTRAL,50.0,35.6,30D,LAGGARD,-1.02,-1.3,-1.53,-1.66,-1.17,-1.65,-2.33,-2.86,-8.83,-4.19,0.46,5.55,10.65,16.6,36.2,16.7,8.5,5.7,2.1,57.1,86.4,79.2,100.0%,HIGH,31,15
Wires & Cables,Other,23,PRIMARY_ELIGIBLE,VERY_HIGH_RELIABILITY,84.0,23.2,NEUTRAL,50.0,35.5,30D,LAGGARD,-1.05,-1.35,-1.6,-1.74,-1.2,-1.7,-2.4,-2.94,-9.55,-4.37,0.82,6.63,12.44,18.42,35.6,16.4,8.3,5.6,2.0,58.8,86.4,79.2,100.0%,HIGH,12,17
Consumer Durables,Other,22,PRIMARY_ELIGIBLE,VERY_HIGH_RELIABILITY,83.5,21.5,NEUTRAL,50.0,35.4,30D,LAGGARD,-1.01,-1.3,-1.53,-1.65,-1.16,-1.65,-2.33,-2.85,-8.95,-4.79,-0.62,3.84,8.3,17.76,36.2,16.7,8.5,5.7,2.1,55.5,86.4,79.2,100.0%,HIGH,21,18
API & CDMO / CRAMS,Other,9,PRIMARY_ELIGIBLE,MODERATE_RELIABILITY,61.0,26.5,NEUTRAL,50.0,35.4,30D,LAGGARD,-0.98,-1.25,-1.46,-1.56,-1.13,-1.6,-2.26,-2.76,-8.01,-2.81,2.4,7.66,12.93,16.01,36.8,17.0,8.7,5.8,2.1,53.2,86.4,79.2,100.0%,HIGH,5,18
Capital Markets & Asset Management,Other,11,PRIMARY_ELIGIBLE,HIGH_RELIABILITY,68.0,21.7,NEUTRAL,50.0,35.2,30D,LAGGARD,-0.95,-1.21,-1.41,-1.5,-1.1,-1.56,-2.21,-2.7,-10.35,-5.33,-0.31,4.52,9.35,11.98,37.2,17.3,8.8,5.9,2.1,50.7,86.4,79.2,100.0%,HIGH,20,20
Pharmaceuticals,Other,39,PRIMARY_ELIGIBLE,VERY_HIGH_RELIABILITY,92.0,22.0,NEUTRAL,50.0,34.7,30D,LAGGARD,-1.02,-1.31,-1.55,-1.67,-1.17,-1.66,-2.35,-2.87,-6.31,-3.08,0.15,3.3,6.45,8.6,36.0,16.6,8.5,5.7,2.1,51.7,86.4,79.2,100.0%,HIGH,17,21
Auto Parts & Equipment,Other,40,PRIMARY_ELIGIBLE,VERY_HIGH_RELIABILITY,92.5,24.2,NEUTRAL,50.0,34.6,30D,LAGGARD,-1.0,-1.27,-1.49,-1.61,-1.15,-1.62,-2.29,-2.81,-7.76,-3.58,0.59,4.4,8.2,10.25,36.5,16.9,8.6,5.8,2.1,48.9,86.4,79.2,100.0%,HIGH,10,22
Healthcare,Other,14,PRIMARY_ELIGIBLE,HIGH_RELIABILITY,77.0,21.2,NEUTRAL,50.0,34.2,30D,LAGGARD,-1.04,-1.33,-1.58,-1.71,-1.19,-1.68,-2.38,-2.91,-8.1,-3.81,0.47,4.45,8.43,11.21,35.8,16.5,8.4,5.7,2.1,49.5,86.4,79.2,100.0%,HIGH,22,23
Pharmaceuticals & Biotechnology,Other,38,PRIMARY_ELIGIBLE,VERY_HIGH_RELIABILITY,91.5,19.9,NEUTRAL,50.0,34.0,30D,LAGGARD,-1.03,-1.32,-1.56,-1.69,-1.18,-1.67,-2.36,-2.89,-7.05,-3.82,-0.58,2.16,4.9,6.72,35.9,16.6,8.4,5.7,2.1,47.6,86.4,79.2,100.0%,HIGH,29,24
Hospitals & Diagnostic Centres,Other,32,PRIMARY_ELIGIBLE,VERY_HIGH_RELIABILITY,88.5,20.2,NEUTRAL,50.0,33.6,30D,LAGGARD,-1.09,-1.41,-1.68,-1.84,-1.24,-1.76,-2.48,-3.04,-6.08,-2.96,0.17,2.96,5.74,7.88,34.9,16.0,8.2,5.5,2.0,49.1,86.4,79.2,100.0%,HIGH,27,25
Bearings & Friction Solutions,Other,9,PRIMARY_ELIGIBLE,MODERATE_RELIABILITY,61.0,15.2,NEUTRAL,50.0,33.6,30D,LAGGARD,-1.39,-1.82,-2.27,-2.56,-1.54,-2.17,-3.07,-3.76,-9.62,-5.5,-1.39,4.36,10.1,13.26,30.2,13.5,7.0,4.8,1.8,68.4,86.4,79.2,100.0%,HIGH,40,25
Automobile OEMs,Other,16,PRIMARY_ELIGIBLE,VERY_HIGH_RELIABILITY,80.5,22.0,NEUTRAL,50.0,33.2,30D,LAGGARD,-1.06,-1.37,-1.63,-1.77,-1.21,-1.72,-2.43,-2.97,-7.43,-3.55,0.33,3.44,6.55,8.82,35.3,16.2,8.3,5.6,2.0,44.8,86.4,79.2,100.0%,HIGH,17,27
Non Banking Financial Company (NBFC),Other,124,PRIMARY_ELIGIBLE,VERY_HIGH_RELIABILITY,95.0,16.6,NEUTRAL,50.0,33.2,30D,LAGGARD,-1.32,-1.72,-2.13,-2.39,-1.47,-2.07,-2.93,-3.59,-7.49,-4.05,-0.61,3.7,8.01,31.14,31.3,14.0,7.2,4.9,1.8,60.9,86.4,79.2,100.0%,HIGH,37,27
Commodity Chemicals,Other,43,PRIMARY_ELIGIBLE,VERY_HIGH_RELIABILITY,94.0,20.8,NEUTRAL,50.0,32.9,30D,LAGGARD,-1.07,-1.38,-1.64,-1.79,-1.22,-1.73,-2.44,-2.99,-10.31,-5.01,0.28,4.59,8.9,11.33,35.2,16.2,8.3,5.6,2.0,42.6,86.4,79.2,100.0%,HIGH,26,29
"Logistics, Ports & Supply Chain",Other,15,PRIMARY_ELIGIBLE,VERY_HIGH_RELIABILITY,80.0,19.2,NEUTRAL,50.0,32.8,30D,LAGGARD,-1.16,-1.5,-1.82,-2.0,-1.31,-1.85,-2.62,-3.2,-8.42,-4.55,-0.69,2.77,6.22,8.05,33.7,15.3,7.9,5.3,2.0,48.2,86.4,79.2,100.0%,HIGH,30,30
"Hotels, Resorts & QSR",Other,17,PRIMARY_ELIGIBLE,VERY_HIGH_RELIABILITY,81.0,22.5,NEUTRAL,50.0,32.7,30D,LAGGARD,-1.01,-1.29,-1.51,-1.63,-1.16,-1.64,-2.31,-2.83,-10.66,-5.85,-1.04,2.24,5.51,7.3,36.3,16.8,8.5,5.8,2.1,37.2,86.4,79.2,100.0%,HIGH,13,31
Ceramics & Tiles,Other,9,PRIMARY_ELIGIBLE,MODERATE_RELIABILITY,61.0,13.0,NEUTRAL,50.0,32.6,30D,LAGGARD,-1.39,-1.82,-2.27,-2.56,-1.54,-2.17,-3.07,-3.76,-10.02,-6.01,-2.0,2.96,7.92,12.21,30.2,13.5,7.0,4.8,1.8,61.6,86.4,79.2,100.0%,HIGH,45,32
Packaged Foods & Consumer Staples,Other,13,PRIMARY_ELIGIBLE,HIGH_RELIABILITY,74.0,18.4,NEUTRAL,50.0,32.5,30D,LAGGARD,-1.16,-1.51,-1.83,-2.02,-1.31,-1.86,-2.63,-3.22,-8.99,-4.5,-0.01,3.88,7.77,10.8,33.7,15.3,7.8,5.3,2.0,46.4,86.4,79.2,100.0%,HIGH,31,33
Consumer Services,Other,21,PRIMARY_ELIGIBLE,VERY_HIGH_RELIABILITY,83.0,22.4,NEUTRAL,50.0,32.4,30D,LAGGARD,-1.04,-1.33,-1.57,-1.71,-1.19,-1.68,-2.37,-2.91,-10.38,-5.48,-0.59,2.8,6.19,8.91,35.8,16.5,8.4,5.7,2.1,37.5,86.4,79.2,100.0%,HIGH,14,34
Logistics & Transportation,Other,20,PRIMARY_ELIGIBLE,VERY_HIGH_RELIABILITY,82.5,15.9,NEUTRAL,50.0,32.2,30D,LAGGARD,-1.26,-1.64,-2.01,-2.25,-1.41,-1.99,-2.81,-3.45,-9.64,-5.13,-0.62,3.74,8.09,10.98,32.2,14.5,7.5,5.1,1.9,50.6,86.4,79.2,100.0%,HIGH,39,35
Electronic Manufacturing Services (EMS),Other,11,PRIMARY_ELIGIBLE,HIGH_RELIABILITY,68.0,21.2,NEUTRAL,50.0,32.0,30D,LAGGARD,-1.08,-1.39,-1.66,-1.81,-1.23,-1.74,-2.46,-3.01,-10.68,-4.68,1.33,5.84,10.35,13.12,35.1,16.1,8.2,5.6,2.0,37.5,86.4,79.2,100.0%,HIGH,22,36
Diversified Commercial,Other,1864,PRIMARY_ELIGIBLE,VERY_HIGH_RELIABILITY,95.0,18.0,NEUTRAL,50.0,31.9,30D,LAGGARD,-1.23,-1.61,-1.97,-2.19,-1.38,-1.96,-2.77,-3.39,-7.85,-4.32,-0.8,2.21,5.22,6.86,32.5,14.7,7.6,5.1,1.9,47.1,86.4,79.2,100.0%,HIGH,35,37
Aluminium & Mining,Other,11,PRIMARY_ELIGIBLE,HIGH_RELIABILITY,68.0,17.6,NEUTRAL,50.0,31.7,30D,LAGGARD,-1.32,-1.73,-2.14,-2.4,-1.47,-2.08,-2.94,-3.6,-8.81,-4.71,-0.61,3.38,7.37,10.56,31.2,14.0,7.2,4.9,1.8,51.1,86.4,79.2,100.0%,HIGH,36,38
Software Products & Digital Services,Other,62,PRIMARY_ELIGIBLE,VERY_HIGH_RELIABILITY,95.0,18.1,NEUTRAL,50.0,31.5,30D,LAGGARD,-1.26,-1.64,-2.02,-2.25,-1.41,-1.99,-2.82,-3.45,-8.05,-4.01,0.03,3.46,6.89,12.35,32.1,14.5,7.5,5.1,1.9,46.1,86.4,79.2,100.0%,HIGH,34,39
"Plywood, MDF & Laminates",Other,7,PRIMARY_ELIGIBLE,MODERATE_RELIABILITY,53.0,10.9,NEUTRAL,50.0,31.4,30D,LAGGARD,-1.39,-1.83,-2.28,-2.57,-1.54,-2.18,-3.08,-3.77,-9.09,-5.43,-1.78,2.03,5.85,8.23,30.1,13.4,7.0,4.8,1.8,53.7,86.4,79.2,100.0%,HIGH,51,40
Specialty Chemicals,Other,40,PRIMARY_ELIGIBLE,VERY_HIGH_RELIABILITY,92.5,16.2,NEUTRAL,50.0,30.6,30D,LAGGARD,-1.34,-1.75,-2.17,-2.44,-1.49,-2.1,-2.97,-3.64,-7.96,-4.28,-0.61,2.36,5.32,7.33,30.9,13.9,7.2,4.9,1.8,45.1,86.4,79.2,100.0%,HIGH,38,41
Iron & Steel,Other,27,PRIMARY_ELIGIBLE,VERY_HIGH_RELIABILITY,86.0,15.2,NEUTRAL,50.0,30.6,30D,LAGGARD,-1.35,-1.77,-2.2,-2.48,-1.5,-2.12,-3.0,-3.68,-7.43,-3.62,0.19,3.38,6.58,8.98,30.7,13.7,7.1,4.9,1.8,46.0,86.4,79.2,100.0%,HIGH,40,41
Renewable Energy,Other,8,PRIMARY_ELIGIBLE,MODERATE_RELIABILITY,57.0,4.6,NEUTRAL,50.0,30.5,30D,LAGGARD,-1.7,-2.26,-2.9,-3.33,-1.85,-2.61,-3.7,-4.53,-11.96,-6.7,-1.44,5.35,12.15,16.74,25.6,11.2,5.9,4.1,1.6,67.1,86.4,79.2,100.0%,HIGH,70,43
Metals & Mining,Other,7,PRIMARY_ELIGIBLE,MODERATE_RELIABILITY,53.0,13.6,NEUTRAL,50.0,30.1,30D,LAGGARD,-1.19,-1.54,-1.88,-2.08,-1.34,-1.89,-2.68,-3.28,-11.54,-5.9,-0.26,3.38,7.02,9.29,33.3,15.1,7.7,5.3,1.9,32.3,86.4,79.2,100.0%,HIGH,43,44
Services,Other,16,PRIMARY_ELIGIBLE,VERY_HIGH_RELIABILITY,80.5,15.0,NEUTRAL,50.0,29.8,30D,LAGGARD,-1.41,-1.85,-2.31,-2.61,-1.56,-2.2,-3.11,-3.81,-9.13,-5.02,-0.91,2.4,5.7,8.16,29.9,13.3,6.9,4.7,1.8,44.1,86.4,79.2,100.0%,HIGH,42,45
Media & Entertainment,Other,23,PRIMARY_ELIGIBLE,VERY_HIGH_RELIABILITY,84.0,10.3,NEUTRAL,50.0,29.5,30D,LAGGARD,-1.58,-2.1,-2.66,-3.04,-1.73,-2.45,-3.46,-4.24,-8.55,-5.09,-1.62,1.95,5.53,8.05,27.3,12.0,6.3,4.4,1.7,53.0,86.4,79.2,100.0%,HIGH,52,46
Renewable Energy - Solar & Wind,Other,10,PRIMARY_ELIGIBLE,HIGH_RELIABILITY,65.0,6.1,NEUTRAL,50.0,29.0,30D,LAGGARD,-1.63,-2.17,-2.77,-3.17,-1.78,-2.52,-3.57,-4.37,-11.3,-6.34,-1.38,3.71,8.8,12.16,26.5,11.7,6.1,4.2,1.6,53.2,86.4,79.2,100.0%,HIGH,69,47
Oil Exploration & Refining,Other,15,PRIMARY_ELIGIBLE,VERY_HIGH_RELIABILITY,80.0,9.6,NEUTRAL,50.0,29.0,30D,LAGGARD,-1.53,-2.02,-2.55,-2.91,-1.68,-2.37,-3.35,-4.11,-10.85,-6.31,-1.77,2.23,6.23,8.46,28.1,12.4,6.5,4.5,1.7,46.5,86.4,79.2,100.0%,HIGH,56,47
Power,Other,6,PRIMARY_ELIGIBLE,MODERATE_RELIABILITY,49.0,7.2,NEUTRAL,50.0,28.9,30D,LAGGARD,-1.65,-2.19,-2.8,-3.21,-1.8,-2.54,-3.6,-4.41,-9.88,-5.3,-0.71,4.03,8.78,21.54,26.3,11.6,6.1,4.2,1.6,53.4,86.4,79.2,100.0%,HIGH,63,49
Textiles & Apparel,Other,29,PRIMARY_ELIGIBLE,VERY_HIGH_RELIABILITY,87.0,12.9,NEUTRAL,50.0,28.7,30D,LAGGARD,-1.5,-1.99,-2.51,-2.85,-1.65,-2.34,-3.31,-4.05,-10.79,-5.68,-0.57,3.67,7.91,23.09,28.4,12.6,6.6,4.5,1.7,43.3,86.4,79.2,100.0%,HIGH,46,50
Diversified Retail,Other,10,PRIMARY_ELIGIBLE,HIGH_RELIABILITY,65.0,12.7,NEUTRAL,50.0,28.5,30D,LAGGARD,-1.51,-2.0,-2.52,-2.87,-1.66,-2.35,-3.32,-4.07,-11.33,-5.18,0.98,6.17,11.36,13.89,28.3,12.5,6.5,4.5,1.7,42.3,86.4,79.2,100.0%,HIGH,47,51
Residential & Commercial Real Estate,Other,37,PRIMARY_ELIGIBLE,VERY_HIGH_RELIABILITY,91.0,11.1,NEUTRAL,50.0,28.5,30D,LAGGARD,-1.54,-2.04,-2.59,-2.95,-1.69,-2.39,-3.39,-4.15,-11.29,-6.38,-1.48,2.69,6.85,9.33,27.8,12.3,6.4,4.4,1.7,44.6,86.4,79.2,100.0%,HIGH,50,51
Insurance,Other,10,PRIMARY_ELIGIBLE,HIGH_RELIABILITY,65.0,8.0,NEUTRAL,50.0,28.4,30D,LAGGARD,-1.65,-2.2,-2.81,-3.22,-1.8,-2.55,-3.61,-4.42,-9.5,-5.73,-1.96,1.69,5.34,7.34,26.2,11.5,6.1,4.2,1.6,50.6,86.4,79.2,100.0%,HIGH,61,53
IT Consulting & Software,Other,28,PRIMARY_ELIGIBLE,VERY_HIGH_RELIABILITY,86.5,9.8,NEUTRAL,50.0,28.4,30D,LAGGARD,-1.68,-2.24,-2.86,-3.28,-1.83,-2.59,-3.66,-4.48,-10.9,-6.57,-2.23,2.11,6.45,8.44,25.9,11.4,6.0,4.1,1.6,51.9,86.4,79.2,100.0%,HIGH,53,53
Fast Moving Consumer Goods,Other,14,PRIMARY_ELIGIBLE,HIGH_RELIABILITY,77.0,12.2,NEUTRAL,50.0,28.3,30D,LAGGARD,-1.57,-2.08,-2.64,-3.02,-1.72,-2.43,-3.44,-4.22,-8.1,-3.85,0.39,3.9,7.4,9.62,27.4,12.1,6.3,4.4,1.7,44.5,86.4,79.2,100.0%,HIGH,48,55
Telecom Services & Infrastructure,Other,10,PRIMARY_ELIGIBLE,HIGH_RELIABILITY,65.0,9.7,NEUTRAL,50.0,28.2,30D,LAGGARD,-1.72,-2.29,-2.94,-3.38,-1.87,-2.64,-3.74,-4.58,-7.91,-4.43,-0.94,2.69,6.33,8.73,25.3,11.1,5.9,4.1,1.6,53.3,86.4,79.2,100.0%,HIGH,54,56
Internet & Digital Platforms,Other,11,PRIMARY_ELIGIBLE,HIGH_RELIABILITY,68.0,18.3,NEUTRAL,50.0,28.1,30D,LAGGARD,-1.21,-1.58,-1.93,-2.14,-1.36,-1.93,-2.73,-3.34,-13.01,-6.56,-0.1,3.15,6.41,8.74,32.9,14.9,7.6,5.2,1.9,20.3,86.4,79.2,100.0%,HIGH,33,57
Power Generation & Utilities,Other,11,PRIMARY_ELIGIBLE,HIGH_RELIABILITY,68.0,1.6,NEUTRAL,50.0,28.0,30D,LAGGARD,-1.99,-2.67,-3.47,-4.03,-2.14,-3.02,-4.27,-5.23,-9.69,-6.15,-2.6,2.0,6.61,8.98,21.9,9.6,5.1,3.6,1.4,62.1,86.4,79.2,100.0%,HIGH,75,58
Pumps & Compressors,Other,10,PRIMARY_ELIGIBLE,HIGH_RELIABILITY,65.0,9.7,NEUTRAL,50.0,27.9,30D,LAGGARD,-1.51,-1.99,-2.51,-2.85,-1.66,-2.34,-3.31,-4.05,-14.65,-7.81,-0.97,4.47,9.9,13.68,28.4,12.6,6.6,4.5,1.7,37.9,86.4,79.2,100.0%,HIGH,54,59
Hotels & Restaurants,Other,23,PRIMARY_ELIGIBLE,VERY_HIGH_RELIABILITY,84.0,8.7,NEUTRAL,50.0,27.8,30D,LAGGARD,-1.65,-2.19,-2.79,-3.2,-1.8,-2.54,-3.59,-4.4,-10.95,-6.39,-1.83,2.17,6.17,9.03,26.3,11.6,6.1,4.2,1.6,46.2,86.4,79.2,100.0%,HIGH,60,60
Cement,Other,8,PRIMARY_ELIGIBLE,MODERATE_RELIABILITY,57.0,7.1,NEUTRAL,50.0,27.7,30D,LAGGARD,-1.83,-2.46,-3.17,-3.66,-1.98,-2.81,-3.97,-4.86,-11.04,-6.75,-2.46,2.33,7.12,9.7,23.8,10.4,5.5,3.9,1.5,56.6,86.4,79.2,100.0%,HIGH,65,61
Stockbroking & Financial Products,Other,16,PRIMARY_ELIGIBLE,VERY_HIGH_RELIABILITY,80.5,13.2,NEUTRAL,50.0,27.5,30D,LAGGARD,-1.49,-1.98,-2.49,-2.83,-1.64,-2.33,-3.29,-4.03,-12.95,-6.86,-0.77,3.55,7.87,11.18,28.5,12.6,6.6,4.5,1.7,34.3,86.4,79.2,100.0%,HIGH,44,62
Paper & Paper Products,Other,11,PRIMARY_ELIGIBLE,HIGH_RELIABILITY,68.0,7.8,NEUTRAL,50.0,27.2,30D,LAGGARD,-1.71,-2.28,-2.91,-3.35,-1.86,-2.63,-3.71,-4.55,-11.24,-6.43,-1.62,2.57,6.75,9.7,25.5,11.2,5.9,4.1,1.6,45.5,86.4,79.2,100.0%,HIGH,62,63
Cement & Clinker,Other,21,PRIMARY_ELIGIBLE,VERY_HIGH_RELIABILITY,83.0,7.2,NEUTRAL,50.0,27.0,30D,LAGGARD,-1.87,-2.51,-3.24,-3.75,-2.02,-2.86,-4.04,-4.95,-8.47,-4.94,-1.41,2.28,5.98,8.59,23.3,10.2,5.4,3.8,1.5,53.3,86.4,79.2,100.0%,HIGH,63,64
Tyres & Rubber Products,Other,9,PRIMARY_ELIGIBLE,MODERATE_RELIABILITY,61.0,8.8,NEUTRAL,50.0,27.0,30D,LAGGARD,-1.75,-2.34,-3.01,-3.47,-1.9,-2.69,-3.81,-4.67,-11.04,-6.47,-1.91,2.23,6.36,9.66,24.8,10.9,5.8,4.0,1.6,47.4,86.4,79.2,100.0%,HIGH,59,64
Diversified & Fashion Retail,Other,13,PRIMARY_ELIGIBLE,HIGH_RELIABILITY,74.0,9.6,NEUTRAL,50.0,27.0,30D,LAGGARD,-1.64,-2.19,-2.79,-3.19,-1.79,-2.54,-3.59,-4.39,-8.95,-4.88,-0.81,2.11,5.03,7.73,26.3,11.6,6.1,4.2,1.6,40.3,86.4,79.2,100.0%,HIGH,56,64
Telecommunication,Other,6,PRIMARY_ELIGIBLE,MODERATE_RELIABILITY,49.0,6.2,NEUTRAL,50.0,26.8,30D,LAGGARD,-1.81,-2.42,-3.11,-3.59,-1.96,-2.77,-3.91,-4.79,-10.19,-5.63,-1.07,3.24,7.54,10.22,24.2,10.6,5.6,3.9,1.5,49.1,86.4,79.2,100.0%,HIGH,68,67
Chemicals,Other,10,PRIMARY_ELIGIBLE,HIGH_RELIABILITY,65.0,3.2,NEUTRAL,50.0,26.7,30D,LAGGARD,-1.93,-2.59,-3.35,-3.89,-2.08,-2.94,-4.15,-5.09,-9.22,-5.56,-1.91,1.87,5.64,8.35,22.6,9.9,5.3,3.7,1.5,52.8,86.4,79.2,100.0%,HIGH,72,68
Civil Construction & Infrastructure EPC,Other,10,PRIMARY_ELIGIBLE,HIGH_RELIABILITY,65.0,9.0,NEUTRAL,50.0,26.6,30D,LAGGARD,-1.77,-2.37,-3.05,-3.51,-1.92,-2.72,-3.85,-4.71,-10.01,-5.97,-1.94,1.48,4.89,7.01,24.6,10.8,5.7,4.0,1.5,45.5,86.4,79.2,100.0%,HIGH,58,69
Water & Wastewater Treatment,Other,5,PRIMARY_ELIGIBLE,MODERATE_RELIABILITY,45.0,2.3,NEUTRAL,50.0,26.5,30D,LAGGARD,-1.93,-2.59,-3.36,-3.89,-2.08,-2.94,-4.16,-5.09,-9.97,-5.4,-0.83,3.73,8.29,11.5,22.6,9.9,5.3,3.7,1.5,51.4,86.4,79.2,100.0%,HIGH,74,70
Air Conditioners & AC Components,Other,9,PRIMARY_ELIGIBLE,MODERATE_RELIABILITY,61.0,3.9,NEUTRAL,50.0,26.3,30D,LAGGARD,-1.92,-2.58,-3.35,-3.88,-2.07,-2.93,-4.15,-5.08,-9.69,-5.12,-0.54,3.86,8.26,11.06,22.6,9.9,5.3,3.7,1.5,49.9,86.4,79.2,100.0%,HIGH,71,71
Packaged Foods & FMCG Staples,Other,20,PRIMARY_ELIGIBLE,VERY_HIGH_RELIABILITY,82.5,6.4,NEUTRAL,50.0,26.1,30D,LAGGARD,-1.75,-2.34,-3.0,-3.46,-1.9,-2.69,-3.8,-4.66,-9.33,-5.52,-1.7,1.02,3.75,5.88,24.9,10.9,5.8,4.0,1.6,40.8,86.4,79.2,100.0%,HIGH,67,72
Fertilizers & Agrochemicals,Other,17,PRIMARY_ELIGIBLE,VERY_HIGH_RELIABILITY,81.0,2.6,NEUTRAL,50.0,26.0,30D,LAGGARD,-2.0,-2.69,-3.5,-4.07,-2.15,-3.04,-4.3,-5.27,-8.94,-4.61,-0.27,3.85,7.97,10.65,21.7,9.5,5.1,3.6,1.4,49.4,86.4,79.2,100.0%,HIGH,73,73
Financial Services,Other,12,PRIMARY_ELIGIBLE,HIGH_RELIABILITY,71.0,11.8,NEUTRAL,50.0,25.5,30D,LAGGARD,-1.5,-1.98,-2.5,-2.84,-1.65,-2.33,-3.3,-4.04,-12.1,-6.07,-0.03,2.97,5.97,8.82,28.4,12.6,6.6,4.5,1.7,21.7,86.4,79.2,100.0%,HIGH,49,74
Civil Construction & Infrastructure,Other,43,PRIMARY_ELIGIBLE,VERY_HIGH_RELIABILITY,94.0,7.1,NEUTRAL,50.0,24.4,30D,LAGGARD,-1.79,-2.4,-3.09,-3.56,-1.94,-2.75,-3.89,-4.76,-15.04,-8.3,-1.56,3.27,8.1,11.04,24.3,10.7,5.6,3.9,1.5,32.6,86.4,79.2,100.0%,HIGH,65,75
