industry,macro_sector,constituent_count,breadth_status,reliability_tier,confidence_score,current_strength,leadership_state,leadership_acceleration,forward_opportunity_score,best_horizon,final_opportunity_class,5D_exp_ret,10D_exp_ret,20D_exp_ret,30D_exp_ret,5D_exp_excess,10D_exp_excess,20D_exp_excess,30D_exp_excess,20D_P10,20D_P25,20D_P50,20D_P75,20D_P90,20D_P95,20D_P_pos,20D_P_gt_5,20D_P_gt_8,20D_P_gt_10,20D_P_gt_15,upside_asymmetry_score,model_consensus_score,analog_quality_score,data_completeness,regime_compatibility
Air Conditioners & Appliances,Other,4,INSUFFICIENT_INDUSTRY_BREADTH,RESEARCH_ONLY,45.0,0.8,NEUTRAL,50.0,22.5,30D,INSUFFICIENT_INDUSTRY_BREADTH,-2.08,-2.8,-3.66,-4.26,-2.23,-3.15,-4.46,-5.46,-13.23,-7.12,-1.02,2.67,6.35,8.45,20.8,9.1,4.9,3.4,1.4,27.2,86.4,79.2,100.0%,HIGH
Gas Transmission & Distribution,Other,4,INSUFFICIENT_INDUSTRY_BREADTH,RESEARCH_ONLY,45.0,3.2,NEUTRAL,50.0,25.5,30D,INSUFFICIENT_INDUSTRY_BREADTH,-1.96,-2.64,-3.43,-3.98,-2.11,-2.99,-4.23,-5.18,-10.54,-6.25,-1.96,1.7,5.37,7.55,22.1,9.7,5.2,3.6,1.4,45.3,86.4,79.2,100.0%,HIGH
Paints,Other,4,INSUFFICIENT_INDUSTRY_BREADTH,RESEARCH_ONLY,45.0,9.4,NEUTRAL,50.0,28.2,30D,INSUFFICIENT_INDUSTRY_BREADTH,-1.67,-2.22,-2.84,-3.26,-1.82,-2.57,-3.64,-4.46,-7.52,-4.43,-1.33,1.6,4.52,6.42,26.0,11.4,6.0,4.2,1.6,50.1,86.4,79.2,100.0%,HIGH
Packaging & Containers,Other,3,INSUFFICIENT_INDUSTRY_BREADTH,RESEARCH_ONLY,40.0,40.5,NEUTRAL,50.0,44.7,30D,INSUFFICIENT_INDUSTRY_BREADTH,-0.37,-0.38,-0.24,-0.07,-0.52,-0.73,-1.04,-1.27,-9.56,-4.89,-0.21,6.37,12.95,16.86,47.8,24.4,12.1,8.0,2.7,72.7,86.4,79.2,100.0%,HIGH
Railway Wagons & Equipment,Other,3,INSUFFICIENT_INDUSTRY_BREADTH,RESEARCH_ONLY,40.0,0.7,NEUTRAL,50.0,29.5,30D,INSUFFICIENT_INDUSTRY_BREADTH,-2.09,-2.82,-3.69,-4.3,-2.24,-3.17,-4.49,-5.5,-13.2,-8.18,-3.15,4.18,11.52,15.67,20.6,9.0,4.9,3.4,1.4,74.5,86.4,79.2,100.0%,HIGH
Realty,Other,3,INSUFFICIENT_INDUSTRY_BREADTH,RESEARCH_ONLY,40.0,14.5,NEUTRAL,50.0,31.2,30D,INSUFFICIENT_INDUSTRY_BREADTH,-1.26,-1.64,-2.02,-2.25,-1.41,-1.99,-2.82,-3.45,-12.78,-7.06,-1.34,3.57,8.47,12.89,32.1,14.5,7.5,5.1,1.9,44.1,86.4,79.2,100.0%,HIGH
Textiles,Other,3,INSUFFICIENT_INDUSTRY_BREADTH,RESEARCH_ONLY,40.0,39.1,NEUTRAL,50.0,44.7,30D,INSUFFICIENT_INDUSTRY_BREADTH,-0.23,-0.19,0.03,0.26,-0.38,-0.54,-0.77,-0.94,-6.96,-2.7,1.57,6.77,11.98,16.59,50.3,26.4,13.1,8.6,2.9,63.3,86.4,79.2,100.0%,HIGH
Ship Building & Defence,Other,3,INSUFFICIENT_INDUSTRY_BREADTH,RESEARCH_ONLY,40.0,2.0,NEUTRAL,50.0,33.2,30D,INSUFFICIENT_INDUSTRY_BREADTH,-2.1,-2.83,-3.69,-4.3,-2.25,-3.18,-4.49,-5.5,-12.57,-7.38,-2.2,8.57,19.35,24.32,20.6,9.0,4.9,3.4,1.4,99.0,86.4,79.2,100.0%,HIGH
Plastic Pipes & Fittings,Other,3,INSUFFICIENT_INDUSTRY_BREADTH,RESEARCH_ONLY,40.0,17.3,NEUTRAL,50.0,34.2,30D,INSUFFICIENT_INDUSTRY_BREADTH,-1.1,-1.41,-1.69,-1.85,-1.25,-1.76,-2.49,-3.05,-9.78,-5.74,-1.7,2.39,6.49,10.26,34.8,15.9,8.1,5.5,2.0,53.0,86.4,79.2,100.0%,HIGH
Railways,Other,3,INSUFFICIENT_INDUSTRY_BREADTH,RESEARCH_ONLY,40.0,19.6,NEUTRAL,50.0,35.6,30D,INSUFFICIENT_INDUSTRY_BREADTH,-1.12,-1.44,-1.74,-1.91,-1.27,-1.79,-2.54,-3.11,-10.55,-6.14,-1.73,3.88,9.49,14.28,34.4,15.7,8.0,5.4,2.0,64.4,86.4,79.2,100.0%,HIGH
Asset Management Company (AMC),Other,3,INSUFFICIENT_INDUSTRY_BREADTH,RESEARCH_ONLY,40.0,21.4,NEUTRAL,50.0,33.5,30D,INSUFFICIENT_INDUSTRY_BREADTH,-1.02,-1.3,-1.54,-1.66,-1.17,-1.65,-2.34,-2.86,-8.59,-4.13,0.34,3.91,7.48,9.87,36.1,16.6,8.5,5.7,2.1,43.6,86.4,79.2,100.0%,HIGH
Batteries,Other,2,INSUFFICIENT_INDUSTRY_BREADTH,RESEARCH_ONLY,30.0,14.4,NEUTRAL,50.0,32.0,30D,INSUFFICIENT_INDUSTRY_BREADTH,-1.27,-1.65,-2.03,-2.27,-1.42,-2.0,-2.83,-3.47,-8.75,-4.62,-0.49,3.42,7.33,10.77,32.0,14.4,7.4,5.1,1.9,50.1,86.4,79.2,100.0%,HIGH
Plastic Pipes & Moulded Products,Other,2,INSUFFICIENT_INDUSTRY_BREADTH,RESEARCH_ONLY,30.0,-10.9,NEUTRAL,50.0,23.9,30D,INSUFFICIENT_INDUSTRY_BREADTH,-2.74,-3.73,-4.98,-5.87,-2.89,-4.08,-5.78,-7.07,-13.32,-7.84,-2.37,2.66,7.7,12.93,14.2,6.3,3.5,2.6,1.1,46.7,86.4,79.2,100.0%,HIGH
Explosives & Defence Chemicals,Other,2,INSUFFICIENT_INDUSTRY_BREADTH,RESEARCH_ONLY,30.0,36.9,NEUTRAL,50.0,44.2,30D,INSUFFICIENT_INDUSTRY_BREADTH,-0.33,-0.33,-0.16,0.03,-0.48,-0.68,-0.96,-1.17,-8.71,-3.52,1.66,8.15,14.63,17.2,48.5,24.9,12.4,8.2,2.8,66.7,86.4,79.2,100.0%,HIGH
Media Entertainment & Publication,Other,2,INSUFFICIENT_INDUSTRY_BREADTH,RESEARCH_ONLY,30.0,28.8,NEUTRAL,50.0,41.1,30D,INSUFFICIENT_INDUSTRY_BREADTH,-0.52,-0.59,-0.54,-0.44,-0.67,-0.94,-1.34,-1.64,-9.09,-4.39,0.32,5.64,10.97,13.72,45.0,22.3,11.2,7.4,2.6,59.5,86.4,79.2,100.0%,HIGH
Fertilizers,Other,2,INSUFFICIENT_INDUSTRY_BREADTH,RESEARCH_ONLY,30.0,0.9,NEUTRAL,50.0,27.2,30D,INSUFFICIENT_INDUSTRY_BREADTH,-2.12,-2.87,-3.75,-4.37,-2.27,-3.22,-4.55,-5.57,-10.32,-6.06,-1.79,3.29,8.38,12.13,20.2,8.9,4.8,3.4,1.4,59.7,86.4,79.2,100.0%,HIGH
Passenger Cars & Utility Vehicles,Other,2,INSUFFICIENT_INDUSTRY_BREADTH,RESEARCH_ONLY,30.0,-2.3,NEUTRAL,50.0,26.0,30D,INSUFFICIENT_INDUSTRY_BREADTH,-2.11,-2.84,-3.72,-4.33,-2.26,-3.19,-4.52,-5.53,-11.84,-7.14,-2.43,2.23,6.89,9.26,20.4,8.9,4.8,3.4,1.4,51.0,86.4,79.2,100.0%,HIGH
Paints & Coatings,Other,2,INSUFFICIENT_INDUSTRY_BREADTH,RESEARCH_ONLY,30.0,35.2,NEUTRAL,50.0,41.4,30D,INSUFFICIENT_INDUSTRY_BREADTH,-0.4,-0.43,-0.3,-0.15,-0.55,-0.78,-1.1,-1.35,-9.01,-4.55,-0.09,4.32,8.74,13.03,47.2,23.9,11.9,7.9,2.7,53.2,86.4,79.2,100.0%,HIGH
Railway Infrastructure,Other,2,INSUFFICIENT_INDUSTRY_BREADTH,RESEARCH_ONLY,30.0,0.4,NEUTRAL,50.0,28.9,30D,INSUFFICIENT_INDUSTRY_BREADTH,-2.09,-2.81,-3.67,-4.28,-2.24,-3.16,-4.47,-5.48,-13.1,-7.93,-2.75,4.29,11.33,17.09,20.7,9.1,4.9,3.4,1.4,70.1,86.4,79.2,100.0%,HIGH
Tractors & Farm Equipment,Other,2,INSUFFICIENT_INDUSTRY_BREADTH,RESEARCH_ONLY,30.0,24.5,NEUTRAL,50.0,39.4,30D,INSUFFICIENT_INDUSTRY_BREADTH,-1.18,-1.53,-1.86,-2.06,-1.33,-1.88,-2.66,-3.26,-9.95,-5.23,-0.51,8.31,17.12,457.68,33.4,15.2,7.8,5.3,1.9,93.3,86.4,79.2,100.0%,HIGH
Footwear,Other,2,INSUFFICIENT_INDUSTRY_BREADTH,RESEARCH_ONLY,30.0,10.5,NEUTRAL,50.0,31.4,30D,INSUFFICIENT_INDUSTRY_BREADTH,-1.48,-1.96,-2.46,-2.79,-1.63,-2.31,-3.26,-3.99,-14.75,-8.23,-1.71,5.56,12.82,16.31,28.7,12.8,6.6,4.6,1.7,59.4,86.4,79.2,100.0%,HIGH
Edible Oils,Other,2,INSUFFICIENT_INDUSTRY_BREADTH,RESEARCH_ONLY,30.0,3.2,NEUTRAL,50.0,26.5,30D,INSUFFICIENT_INDUSTRY_BREADTH,-2.04,-2.75,-3.58,-4.17,-2.19,-3.1,-4.38,-5.37,-9.39,-5.32,-1.25,3.04,7.32,10.29,21.2,9.3,5.0,3.5,1.4,53.6,86.4,79.2,100.0%,HIGH
Asset Management & Wealth,Other,2,INSUFFICIENT_INDUSTRY_BREADTH,RESEARCH_ONLY,30.0,42.3,NEUTRAL,50.0,51.5,30D,INSUFFICIENT_INDUSTRY_BREADTH,0.36,0.65,1.22,1.72,0.21,0.3,0.42,0.52,-5.25,-2.89,-0.54,2.37,5.28,6.82,61.1,42.1,21.5,13.9,3.8,62.0,86.4,79.2,100.0%,HIGH
Agrochemicals & Pesticides,Other,2,INSUFFICIENT_INDUSTRY_BREADTH,RESEARCH_ONLY,30.0,-0.5,NEUTRAL,50.0,27.8,30D,INSUFFICIENT_INDUSTRY_BREADTH,-2.07,-2.79,-3.64,-4.24,-2.22,-3.14,-4.44,-5.44,-11.01,-6.77,-2.52,2.87,8.26,12.81,20.9,9.1,4.9,3.5,1.4,62.9,86.4,79.2,100.0%,HIGH
Copper & Non-Ferrous Metals,Other,1,INSUFFICIENT_INDUSTRY_BREADTH,RESEARCH_ONLY,20.0,39.2,NEUTRAL,50.0,44.7,30D,INSUFFICIENT_INDUSTRY_BREADTH,-0.31,-0.3,-0.12,0.08,-0.46,-0.65,-0.92,-1.12,-9.16,-4.52,0.13,6.26,12.4,21.21,48.9,25.2,12.6,8.2,2.8,68.7,86.4,79.2,100.0%,HIGH
Construction Materials,Other,1,INSUFFICIENT_INDUSTRY_BREADTH,RESEARCH_ONLY,20.0,58.7,NEUTRAL,50.0,58.2,5D,INSUFFICIENT_INDUSTRY_BREADTH,0.93,1.45,2.36,3.11,0.78,1.1,1.56,1.91,-4.85,-1.36,2.14,6.21,10.27,12.65,70.5,55.7,28.8,18.4,4.9,64.3,86.4,79.2,100.0%,HIGH
Civil Buildings & Commercial EPC,Other,1,INSUFFICIENT_INDUSTRY_BREADTH,RESEARCH_ONLY,20.0,-3.8,NEUTRAL,50.0,26.0,30D,INSUFFICIENT_INDUSTRY_BREADTH,-2.41,-3.27,-4.32,-5.07,-2.56,-3.62,-5.12,-6.27,-13.26,-8.08,-2.89,2.82,8.53,12.95,17.2,7.6,4.2,3.0,1.2,56.5,86.4,79.2,100.0%,HIGH
Batteries & Energy Storage,Other,1,INSUFFICIENT_INDUSTRY_BREADTH,RESEARCH_ONLY,20.0,2.8,NEUTRAL,50.0,30.9,30D,INSUFFICIENT_INDUSTRY_BREADTH,-2.13,-2.88,-3.76,-4.39,-2.28,-3.23,-4.56,-5.59,-10.26,-6.51,-2.77,4.25,11.27,18.08,20.2,8.8,4.8,3.4,1.3,84.2,86.4,79.2,100.0%,HIGH
Oil Gas & Consumable Fuels,Other,1,INSUFFICIENT_INDUSTRY_BREADTH,RESEARCH_ONLY,20.0,23.7,NEUTRAL,50.0,45.6,30D,INSUFFICIENT_INDUSTRY_BREADTH,-0.29,-0.27,-0.08,0.12,-0.44,-0.62,-0.88,-1.08,-7.49,-3.46,0.57,6.53,12.49,14.47,49.3,25.5,12.7,8.3,2.8,73.1,86.4,79.2,100.0%,HIGH
Microfinance NBFC,Other,1,INSUFFICIENT_INDUSTRY_BREADTH,RESEARCH_ONLY,20.0,-1.0,NEUTRAL,50.0,26.8,30D,INSUFFICIENT_INDUSTRY_BREADTH,-2.06,-2.78,-3.62,-4.22,-2.21,-3.13,-4.42,-5.42,-15.82,-9.82,-3.83,2.59,9.01,17.25,21.0,9.2,4.9,3.5,1.4,55.8,86.4,79.2,100.0%,HIGH
Hospitals & Healthcare Services,Other,1,INSUFFICIENT_INDUSTRY_BREADTH,RESEARCH_ONLY,20.0,0.1,NEUTRAL,50.0,25.8,30D,INSUFFICIENT_INDUSTRY_BREADTH,-2.22,-3.01,-3.95,-4.61,-2.37,-3.36,-4.75,-5.81,-10.12,-5.04,0.03,5.17,10.3,15.07,19.1,8.4,4.5,3.2,1.3,51.9,86.4,79.2,100.0%,HIGH
Housing & Urban Infrastructure Financing,Other,1,INSUFFICIENT_INDUSTRY_BREADTH,RESEARCH_ONLY,20.0,-0.4,NEUTRAL,50.0,29.4,30D,INSUFFICIENT_INDUSTRY_BREADTH,-2.12,-2.86,-3.74,-4.36,-2.27,-3.21,-4.54,-5.56,-11.66,-7.28,-2.9,3.77,10.43,13.75,20.3,8.9,4.8,3.4,1.4,74.3,86.4,79.2,100.0%,HIGH
Heavy Electrical Equipment,Other,1,INSUFFICIENT_INDUSTRY_BREADTH,RESEARCH_ONLY,20.0,47.2,NEUTRAL,50.0,45.4,30D,INSUFFICIENT_INDUSTRY_BREADTH,-0.28,-0.25,-0.06,0.15,-0.43,-0.6,-0.86,-1.05,-7.68,-2.64,2.39,9.17,15.95,51.3,49.4,25.7,12.8,8.4,2.8,71.3,86.4,79.2,100.0%,HIGH
Data Centers & Real Estate,Other,1,INSUFFICIENT_INDUSTRY_BREADTH,RESEARCH_ONLY,20.0,37.9,NEUTRAL,50.0,40.1,30D,INSUFFICIENT_INDUSTRY_BREADTH,-0.36,-0.37,-0.22,-0.05,-0.51,-0.72,-1.02,-1.25,-9.88,-3.52,2.84,7.96,13.09,16.35,48.0,24.5,12.2,8.0,2.7,41.4,86.4,79.2,100.0%,HIGH
Copper Mining,Other,1,INSUFFICIENT_INDUSTRY_BREADTH,RESEARCH_ONLY,20.0,60.7,NEUTRAL,50.0,61.0,5D,INSUFFICIENT_INDUSTRY_BREADTH,1.06,1.63,2.61,3.42,0.91,1.28,1.81,2.22,-8.36,-3.46,1.45,7.74,14.03,48.65,72.4,59.1,30.7,19.6,5.2,73.1,86.4,79.2,100.0%,HIGH
Gas Distribution,Other,1,INSUFFICIENT_INDUSTRY_BREADTH,RESEARCH_ONLY,20.0,2.4,NEUTRAL,50.0,26.0,30D,INSUFFICIENT_INDUSTRY_BREADTH,-2.11,-2.85,-3.72,-4.34,-2.26,-3.2,-4.52,-5.54,-9.89,-5.96,-2.02,1.87,5.76,9.83,20.4,8.9,4.8,3.4,1.4,51.0,86.4,79.2,100.0%,HIGH
Diagnostic & Healthcare Laboratories,Other,1,INSUFFICIENT_INDUSTRY_BREADTH,RESEARCH_ONLY,20.0,3.3,NEUTRAL,50.0,24.8,30D,INSUFFICIENT_INDUSTRY_BREADTH,-2.1,-2.83,-3.7,-4.31,-2.25,-3.18,-4.5,-5.51,-10.24,-5.41,-0.58,3.41,7.4,9.37,20.5,9.0,4.8,3.4,1.4,43.0,86.4,79.2,100.0%,HIGH
Affordable Housing Finance Company,Other,1,INSUFFICIENT_INDUSTRY_BREADTH,RESEARCH_ONLY,20.0,1.2,NEUTRAL,50.0,27.1,30D,INSUFFICIENT_INDUSTRY_BREADTH,-2.14,-2.88,-3.77,-4.4,-2.29,-3.23,-4.57,-5.6,-10.95,-6.45,-1.95,3.3,8.55,11.62,20.1,8.8,4.8,3.4,1.3,59.0,86.4,79.2,100.0%,HIGH
Auto Glass,Other,1,INSUFFICIENT_INDUSTRY_BREADTH,RESEARCH_ONLY,20.0,38.9,NEUTRAL,50.0,43.2,30D,INSUFFICIENT_INDUSTRY_BREADTH,-0.29,-0.27,-0.08,0.13,-0.44,-0.62,-0.88,-1.07,-7.58,-3.21,1.16,5.88,10.6,13.79,49.3,25.5,12.7,8.3,2.8,57.3,86.4,79.2,100.0%,HIGH
Auto Lighting,Other,1,INSUFFICIENT_INDUSTRY_BREADTH,RESEARCH_ONLY,20.0,-1.2,NEUTRAL,50.0,27.3,30D,INSUFFICIENT_INDUSTRY_BREADTH,-2.2,-2.98,-3.91,-4.57,-2.35,-3.33,-4.71,-5.77,-8.03,-4.11,-0.2,4.73,9.66,13.49,19.3,8.5,4.6,3.3,1.3,61.5,86.4,79.2,100.0%,HIGH
Power Sector Financing NBFC,Other,1,INSUFFICIENT_INDUSTRY_BREADTH,RESEARCH_ONLY,20.0,-1.5,NEUTRAL,50.0,26.3,30D,INSUFFICIENT_INDUSTRY_BREADTH,-2.15,-2.9,-3.79,-4.42,-2.3,-3.25,-4.59,-5.62,-10.16,-6.13,-2.11,2.17,6.45,9.38,20.0,8.8,4.7,3.3,1.3,53.9,86.4,79.2,100.0%,HIGH
Power Generation & Distribution,Other,1,INSUFFICIENT_INDUSTRY_BREADTH,RESEARCH_ONLY,20.0,0.5,NEUTRAL,50.0,24.5,30D,INSUFFICIENT_INDUSTRY_BREADTH,-2.16,-2.91,-3.81,-4.45,-2.31,-3.26,-4.61,-5.65,-8.34,-5.6,-2.85,-1.01,0.83,2.19,19.9,8.7,4.7,3.3,1.3,42.4,86.4,79.2,100.0%,HIGH
Plywood & Boards,Other,1,INSUFFICIENT_INDUSTRY_BREADTH,RESEARCH_ONLY,20.0,20.1,NEUTRAL,50.0,28.8,30D,INSUFFICIENT_INDUSTRY_BREADTH,-1.63,-2.17,-2.76,-3.16,-1.78,-2.52,-3.56,-4.36,-4.36,-2.14,0.09,2.3,4.5,5.95,26.6,11.7,6.1,4.2,1.6,51.6,86.4,79.2,100.0%,HIGH
Project Management & Civil Construction,Other,1,INSUFFICIENT_INDUSTRY_BREADTH,RESEARCH_ONLY,20.0,-1.2,NEUTRAL,50.0,27.1,30D,INSUFFICIENT_INDUSTRY_BREADTH,-2.08,-2.81,-3.67,-4.27,-2.23,-3.16,-4.47,-5.47,-12.4,-7.23,-2.06,3.81,9.67,12.58,20.7,9.1,4.9,3.4,1.4,58.4,86.4,79.2,100.0%,HIGH
Railway Telecom,Other,1,INSUFFICIENT_INDUSTRY_BREADTH,RESEARCH_ONLY,20.0,19.6,NEUTRAL,50.0,39.2,30D,INSUFFICIENT_INDUSTRY_BREADTH,-0.8,-1.0,-1.11,-1.14,-0.95,-1.35,-1.91,-2.34,-11.43,-6.63,-1.82,4.42,10.67,17.46,39.8,18.9,9.5,6.4,2.3,67.3,86.4,79.2,100.0%,HIGH
Railway Ticketing & Catering,Other,1,INSUFFICIENT_INDUSTRY_BREADTH,RESEARCH_ONLY,20.0,0.5,NEUTRAL,50.0,25.7,30D,INSUFFICIENT_INDUSTRY_BREADTH,-2.13,-2.87,-3.76,-4.39,-2.28,-3.22,-4.56,-5.59,-10.06,-6.41,-2.76,0.67,4.11,6.52,20.2,8.8,4.8,3.4,1.3,49.3,86.4,79.2,100.0%,HIGH
Railway Financing,Other,1,INSUFFICIENT_INDUSTRY_BREADTH,RESEARCH_ONLY,20.0,0.2,NEUTRAL,50.0,27.2,30D,INSUFFICIENT_INDUSTRY_BREADTH,-2.1,-2.84,-3.71,-4.32,-2.25,-3.19,-4.51,-5.52,-11.66,-7.2,-2.73,2.54,7.81,10.92,20.5,9.0,4.8,3.4,1.4,59.5,86.4,79.2,100.0%,HIGH
Railway Infrastructure & Consulting,Other,1,INSUFFICIENT_INDUSTRY_BREADTH,RESEARCH_ONLY,20.0,1.7,NEUTRAL,50.0,25.5,30D,INSUFFICIENT_INDUSTRY_BREADTH,-2.1,-2.84,-3.71,-4.32,-2.25,-3.19,-4.51,-5.52,-13.55,-8.4,-3.25,1.51,6.27,10.23,20.5,9.0,4.8,3.4,1.4,47.6,86.4,79.2,100.0%,HIGH
Rubber Chemicals,Other,1,INSUFFICIENT_INDUSTRY_BREADTH,RESEARCH_ONLY,20.0,2.4,NEUTRAL,50.0,26.4,30D,INSUFFICIENT_INDUSTRY_BREADTH,-2.01,-2.7,-3.52,-4.09,-2.16,-3.05,-4.32,-5.29,-10.84,-6.81,-2.77,1.31,5.39,7.84,21.6,9.4,5.1,3.6,1.4,52.0,86.4,79.2,100.0%,HIGH
Saw Pipes & Ductile Iron Pipes,Other,1,INSUFFICIENT_INDUSTRY_BREADTH,RESEARCH_ONLY,20.0,58.7,NEUTRAL,50.0,58.1,5D,INSUFFICIENT_INDUSTRY_BREADTH,1.07,1.66,2.65,3.47,0.92,1.31,1.85,2.27,-10.68,-4.42,1.84,7.38,12.93,16.6,72.7,59.7,31.1,19.8,5.3,52.2,86.4,79.2,100.0%,HIGH
Roads & Highways EPC,Other,1,INSUFFICIENT_INDUSTRY_BREADTH,RESEARCH_ONLY,20.0,1.3,NEUTRAL,50.0,26.5,30D,INSUFFICIENT_INDUSTRY_BREADTH,-2.08,-2.81,-3.67,-4.27,-2.23,-3.16,-4.47,-5.47,-12.8,-7.53,-2.26,3.25,8.75,11.68,20.7,9.1,4.9,3.4,1.4,53.9,86.4,79.2,100.0%,HIGH
Renewable Energy Financing NBFC,Other,1,INSUFFICIENT_INDUSTRY_BREADTH,RESEARCH_ONLY,20.0,-0.9,NEUTRAL,50.0,29.5,30D,INSUFFICIENT_INDUSTRY_BREADTH,-2.1,-2.83,-3.7,-4.31,-2.25,-3.18,-4.5,-5.51,-12.23,-7.79,-3.36,3.36,10.09,16.0,20.5,9.0,4.8,3.4,1.4,74.3,86.4,79.2,100.0%,HIGH
Steel Manufacturing & Mining,Other,1,INSUFFICIENT_INDUSTRY_BREADTH,RESEARCH_ONLY,20.0,38.5,NEUTRAL,50.0,41.4,30D,INSUFFICIENT_INDUSTRY_BREADTH,-0.28,-0.26,-0.06,0.15,-0.43,-0.61,-0.86,-1.05,-7.52,-3.12,1.28,4.75,8.22,10.32,49.4,25.7,12.8,8.4,2.8,44.5,86.4,79.2,100.0%,HIGH
Semiconductors & Electronic Components,Other,1,INSUFFICIENT_INDUSTRY_BREADTH,RESEARCH_ONLY,20.0,,NEUTRAL,50.0,25.5,30D,INSUFFICIENT_INDUSTRY_BREADTH,-2.31,-3.13,-4.12,-4.83,-2.46,-3.48,-4.92,-6.03,-10.3,-7.11,-4.12,-1.13,2.06,4.47,18.2,8.0,4.4,3.1,1.3,51.3,86.4,79.2,100.0%,HIGH
Superalloys & Special Metals,Other,1,INSUFFICIENT_INDUSTRY_BREADTH,RESEARCH_ONLY,20.0,37.9,NEUTRAL,50.0,44.3,30D,INSUFFICIENT_INDUSTRY_BREADTH,-0.31,-0.3,-0.12,0.07,-0.46,-0.65,-0.92,-1.13,-10.23,-5.3,-0.38,5.78,11.94,18.78,48.9,25.2,12.6,8.2,2.8,66.1,86.4,79.2,100.0%,HIGH
Structural Steel Tubes & Pipes,Other,1,INSUFFICIENT_INDUSTRY_BREADTH,RESEARCH_ONLY,20.0,41.6,NEUTRAL,50.0,44.1,30D,INSUFFICIENT_INDUSTRY_BREADTH,-0.29,-0.27,-0.08,0.12,-0.44,-0.62,-0.88,-1.08,-7.08,-3.35,0.38,5.04,9.7,11.6,49.3,25.5,12.7,8.3,2.8,63.1,86.4,79.2,100.0%,HIGH
Travel Tech SaaS Solutions,Other,1,INSUFFICIENT_INDUSTRY_BREADTH,RESEARCH_ONLY,20.0,58.6,NEUTRAL,50.0,57.4,5D,INSUFFICIENT_INDUSTRY_BREADTH,0.99,1.54,2.48,3.26,0.84,1.19,1.68,2.06,-7.81,-3.31,1.2,5.24,9.28,42.97,71.4,57.3,29.7,18.9,5.0,54.2,86.4,79.2,100.0%,HIGH
Utilities,Other,1,INSUFFICIENT_INDUSTRY_BREADTH,RESEARCH_ONLY,20.0,-0.6,NEUTRAL,50.0,33.2,30D,INSUFFICIENT_INDUSTRY_BREADTH,-2.1,-2.83,-3.7,-4.31,-2.25,-3.18,-4.5,-5.51,-12.51,-7.21,-1.91,8.55,19.01,27.55,20.5,9.0,4.8,3.4,1.4,99.0,86.4,79.2,100.0%,HIGH
Wealth & Asset Management,Other,1,INSUFFICIENT_INDUSTRY_BREADTH,RESEARCH_ONLY,20.0,39.3,NEUTRAL,50.0,41.3,30D,INSUFFICIENT_INDUSTRY_BREADTH,-0.31,-0.3,-0.13,0.07,-0.46,-0.65,-0.93,-1.13,-8.65,-3.38,1.9,6.43,10.96,13.6,48.8,25.2,12.5,8.2,2.8,46.4,86.4,79.2,100.0%,HIGH
Zinc & Silver Mining,Other,1,INSUFFICIENT_INDUSTRY_BREADTH,RESEARCH_ONLY,20.0,58.7,NEUTRAL,50.0,63.8,5D,INSUFFICIENT_INDUSTRY_BREADTH,1.01,1.56,2.52,3.3,0.86,1.21,1.72,2.1,-7.98,-3.42,1.14,9.35,17.56,25.28,71.7,57.9,30.0,19.1,5.1,95.5,86.4,79.2,100.0%,HIGH
