industry,constituent_count,reliability_tier,20D_exp_ret,P10,P25,P50,P75,P90,P95,Upside_Spread (P90-P50),Downside_Spread (P50-P10)
API & CDMO / CRAMS,9,MODERATE_RELIABILITY,-1.46,-8.01,-2.81,2.4,7.66,12.93,16.01,10.53,10.41
Aerospace & Defence,20,VERY_HIGH_RELIABILITY,-1.1,-9.8,-5.1,-0.41,5.73,11.87,20.37,12.28,9.39
Affordable Housing Finance Company,1,RESEARCH_ONLY,-3.77,-10.95,-6.45,-1.95,3.3,8.55,11.62,10.5,9.0
Agrochemicals & Pesticides,2,RESEARCH_ONLY,-3.64,-11.01,-6.77,-2.52,2.87,8.26,12.81,10.78,8.49
Air Conditioners & AC Components,9,MODERATE_RELIABILITY,-3.35,-9.69,-5.12,-0.54,3.86,8.26,11.06,8.8,9.15
Air Conditioners & Appliances,4,RESEARCH_ONLY,-3.66,-13.23,-7.12,-1.02,2.67,6.35,8.45,7.37,12.21
Aluminium & Mining,11,HIGH_RELIABILITY,-2.14,-8.81,-4.71,-0.61,3.38,7.37,10.56,7.98,8.2
Asset Management & Wealth,2,RESEARCH_ONLY,1.22,-5.25,-2.89,-0.54,2.37,5.28,6.82,5.82,4.71
Asset Management Company (AMC),3,RESEARCH_ONLY,-1.54,-8.59,-4.13,0.34,3.91,7.48,9.87,7.14,8.93
Auto Glass,1,RESEARCH_ONLY,-0.08,-7.58,-3.21,1.16,5.88,10.6,13.79,9.44,8.74
Auto Lighting,1,RESEARCH_ONLY,-3.91,-8.03,-4.11,-0.2,4.73,9.66,13.49,9.86,7.83
Auto Parts & Equipment,40,VERY_HIGH_RELIABILITY,-1.49,-7.76,-3.58,0.59,4.4,8.2,10.25,7.61,8.35
Automobile OEMs,16,VERY_HIGH_RELIABILITY,-1.63,-7.43,-3.55,0.33,3.44,6.55,8.82,6.22,7.76
Automobile and Auto Components,7,MODERATE_RELIABILITY,-1.21,-11.01,-5.4,0.21,5.73,11.24,30.04,11.03,11.22
Banks,45,VERY_HIGH_RELIABILITY,-1.04,-6.07,-3.29,-0.51,2.26,5.03,6.94,5.54,5.56
Batteries,2,RESEARCH_ONLY,-2.03,-8.75,-4.62,-0.49,3.42,7.33,10.77,7.82,8.26
Batteries & Energy Storage,1,RESEARCH_ONLY,-3.76,-10.26,-6.51,-2.77,4.25,11.27,18.08,14.04,7.49
Bearings & Friction Solutions,9,MODERATE_RELIABILITY,-2.27,-9.62,-5.5,-1.39,4.36,10.1,13.26,11.49,8.23
Breweries & Distilleries,11,HIGH_RELIABILITY,-1.49,-6.92,-3.41,0.1,3.91,7.72,10.39,7.62,7.02
Capital Goods,30,VERY_HIGH_RELIABILITY,-0.61,-8.08,-4.03,0.02,4.8,9.59,11.77,9.57,8.1
Capital Markets & Asset Management,11,HIGH_RELIABILITY,-1.41,-10.35,-5.33,-0.31,4.52,9.35,11.98,9.66,10.04
Cement,8,MODERATE_RELIABILITY,-3.17,-11.04,-6.75,-2.46,2.33,7.12,9.7,9.58,8.58
Cement & Clinker,21,VERY_HIGH_RELIABILITY,-3.24,-8.47,-4.94,-1.41,2.28,5.98,8.59,7.39,7.06
Ceramics & Tiles,9,MODERATE_RELIABILITY,-2.27,-10.02,-6.01,-2.0,2.96,7.92,12.21,9.92,8.02
Chemicals,10,HIGH_RELIABILITY,-3.35,-9.22,-5.56,-1.91,1.87,5.64,8.35,7.55,7.31
Civil Buildings & Commercial EPC,1,RESEARCH_ONLY,-4.32,-13.26,-8.08,-2.89,2.82,8.53,12.95,11.42,10.37
Civil Construction & Infrastructure,43,VERY_HIGH_RELIABILITY,-3.09,-15.04,-8.3,-1.56,3.27,8.1,11.04,9.66,13.48
Civil Construction & Infrastructure EPC,10,HIGH_RELIABILITY,-3.05,-10.01,-5.97,-1.94,1.48,4.89,7.01,6.83,8.07
Commodity Chemicals,43,VERY_HIGH_RELIABILITY,-1.64,-10.31,-5.01,0.28,4.59,8.9,11.33,8.62,10.59
Construction,5,MODERATE_RELIABILITY,-0.95,-9.62,-4.2,1.22,5.9,10.58,13.25,9.36,10.84
Construction Materials,1,RESEARCH_ONLY,2.36,-4.85,-1.36,2.14,6.21,10.27,12.65,8.13,6.99
Consumer Durables,22,VERY_HIGH_RELIABILITY,-1.53,-8.95,-4.79,-0.62,3.84,8.3,17.76,8.92,8.33
Consumer Services,21,VERY_HIGH_RELIABILITY,-1.57,-10.38,-5.48,-0.59,2.8,6.19,8.91,6.78,9.79
Copper & Non-Ferrous Metals,1,RESEARCH_ONLY,-0.12,-9.16,-4.52,0.13,6.26,12.4,21.21,12.27,9.29
Copper Mining,1,RESEARCH_ONLY,2.61,-8.36,-3.46,1.45,7.74,14.03,48.65,12.58,9.81
Dairy Products,5,MODERATE_RELIABILITY,1.46,-7.17,-3.27,0.62,5.2,9.78,12.07,9.16,7.79
Data Centers & Real Estate,1,RESEARCH_ONLY,-0.22,-9.88,-3.52,2.84,7.96,13.09,16.35,10.25,12.72
Diagnostic & Healthcare Laboratories,1,RESEARCH_ONLY,-3.7,-10.24,-5.41,-0.58,3.41,7.4,9.37,7.98,9.66
Diversified & Fashion Retail,13,HIGH_RELIABILITY,-2.79,-8.95,-4.88,-0.81,2.11,5.03,7.73,5.84,8.14
Diversified Commercial,1864,VERY_HIGH_RELIABILITY,-1.97,-7.85,-4.32,-0.8,2.21,5.22,6.86,6.02,7.05
Diversified Retail,10,HIGH_RELIABILITY,-2.52,-11.33,-5.18,0.98,6.17,11.36,13.89,10.38,12.31
Edible Oils,2,RESEARCH_ONLY,-3.58,-9.39,-5.32,-1.25,3.04,7.32,10.29,8.57,8.14
Electronic Manufacturing Services (EMS),11,HIGH_RELIABILITY,-1.66,-10.68,-4.68,1.33,5.84,10.35,13.12,9.02,12.01
Explosives & Defence Chemicals,2,RESEARCH_ONLY,-0.16,-8.71,-3.52,1.66,8.15,14.63,17.2,12.97,10.37
Fast Moving Consumer Goods,14,HIGH_RELIABILITY,-2.64,-8.1,-3.85,0.39,3.9,7.4,9.62,7.01,8.49
Fertilizers,2,RESEARCH_ONLY,-3.75,-10.32,-6.06,-1.79,3.29,8.38,12.13,10.17,8.53
Fertilizers & Agrochemicals,17,VERY_HIGH_RELIABILITY,-3.5,-8.94,-4.61,-0.27,3.85,7.97,10.65,8.24,8.67
Financial Services,12,HIGH_RELIABILITY,-2.5,-12.1,-6.07,-0.03,2.97,5.97,8.82,6.0,12.07
Footwear,2,RESEARCH_ONLY,-2.46,-14.75,-8.23,-1.71,5.56,12.82,16.31,14.53,13.04
Gas Distribution,1,RESEARCH_ONLY,-3.72,-9.89,-5.96,-2.02,1.87,5.76,9.83,7.78,7.87
Gas Transmission & Distribution,4,RESEARCH_ONLY,-3.43,-10.54,-6.25,-1.96,1.7,5.37,7.55,7.33,8.58
Healthcare,14,HIGH_RELIABILITY,-1.58,-8.1,-3.81,0.47,4.45,8.43,11.21,7.96,8.57
Heavy Electrical Equipment,1,RESEARCH_ONLY,-0.06,-7.68,-2.64,2.39,9.17,15.95,51.3,13.56,10.07
Hospitals & Diagnostic Centres,32,VERY_HIGH_RELIABILITY,-1.68,-6.08,-2.96,0.17,2.96,5.74,7.88,5.57,6.25
Hospitals & Healthcare Services,1,RESEARCH_ONLY,-3.95,-10.12,-5.04,0.03,5.17,10.3,15.07,10.27,10.15
Hotels & Restaurants,23,VERY_HIGH_RELIABILITY,-2.79,-10.95,-6.39,-1.83,2.17,6.17,9.03,8.0,9.12
"Hotels, Resorts & QSR",17,VERY_HIGH_RELIABILITY,-1.51,-10.66,-5.85,-1.04,2.24,5.51,7.3,6.55,9.62
Housing & Urban Infrastructure Financing,1,RESEARCH_ONLY,-3.74,-11.66,-7.28,-2.9,3.77,10.43,13.75,13.33,8.76
IT Consulting & Software,28,VERY_HIGH_RELIABILITY,-2.86,-10.9,-6.57,-2.23,2.11,6.45,8.44,8.68,8.67
Information Technology,9,MODERATE_RELIABILITY,-1.53,-8.83,-4.19,0.46,5.55,10.65,16.6,10.19,9.29
Insurance,10,HIGH_RELIABILITY,-2.81,-9.5,-5.73,-1.96,1.69,5.34,7.34,7.3,7.54
Internet & Digital Platforms,11,HIGH_RELIABILITY,-1.93,-13.01,-6.56,-0.1,3.15,6.41,8.74,6.51,12.91
Iron & Steel,27,VERY_HIGH_RELIABILITY,-2.2,-7.43,-3.62,0.19,3.38,6.58,8.98,6.39,7.62
Logistics & Transportation,20,VERY_HIGH_RELIABILITY,-2.01,-9.64,-5.13,-0.62,3.74,8.09,10.98,8.71,9.02
"Logistics, Ports & Supply Chain",15,VERY_HIGH_RELIABILITY,-1.82,-8.42,-4.55,-0.69,2.77,6.22,8.05,6.91,7.73
Lubricants & Specialty Oils,5,MODERATE_RELIABILITY,-1.58,-7.25,-3.93,-0.61,3.79,8.18,12.05,8.79,6.64
Media & Entertainment,23,VERY_HIGH_RELIABILITY,-2.66,-8.55,-5.09,-1.62,1.95,5.53,8.05,7.15,6.93
Media Entertainment & Publication,2,RESEARCH_ONLY,-0.54,-9.09,-4.39,0.32,5.64,10.97,13.72,10.65,9.41
Metals & Mining,7,MODERATE_RELIABILITY,-1.88,-11.54,-5.9,-0.26,3.38,7.02,9.29,7.28,11.28
Microfinance NBFC,1,RESEARCH_ONLY,-3.62,-15.82,-9.82,-3.83,2.59,9.01,17.25,12.84,11.99
Mining & Mineral Products,8,MODERATE_RELIABILITY,-1.07,-10.78,-6.02,-1.26,3.83,8.92,11.4,10.18,9.52
Non Banking Financial Company (NBFC),124,VERY_HIGH_RELIABILITY,-2.13,-7.49,-4.05,-0.61,3.7,8.01,31.14,8.62,6.88
Oil Exploration & Refining,15,VERY_HIGH_RELIABILITY,-2.55,-10.85,-6.31,-1.77,2.23,6.23,8.46,8.0,9.08
Oil Gas & Consumable Fuels,1,RESEARCH_ONLY,-0.08,-7.49,-3.46,0.57,6.53,12.49,14.47,11.92,8.06
Packaged Foods & Consumer Staples,13,HIGH_RELIABILITY,-1.83,-8.99,-4.5,-0.01,3.88,7.77,10.8,7.78,8.98
Packaged Foods & FMCG Staples,20,VERY_HIGH_RELIABILITY,-3.0,-9.33,-5.52,-1.7,1.02,3.75,5.88,5.45,7.63
Packaging & Containers,3,RESEARCH_ONLY,-0.24,-9.56,-4.89,-0.21,6.37,12.95,16.86,13.16,9.35
Packaging Materials & Containers,8,MODERATE_RELIABILITY,-0.9,-8.84,-4.85,-0.87,4.99,10.84,14.43,11.71,7.97
Paints,4,RESEARCH_ONLY,-2.84,-7.52,-4.43,-1.33,1.6,4.52,6.42,5.85,6.19
Paints & Coatings,2,RESEARCH_ONLY,-0.3,-9.01,-4.55,-0.09,4.32,8.74,13.03,8.83,8.92
Paper & Paper Products,11,HIGH_RELIABILITY,-2.91,-11.24,-6.43,-1.62,2.57,6.75,9.7,8.37,9.62
Passenger Cars & Utility Vehicles,2,RESEARCH_ONLY,-3.72,-11.84,-7.14,-2.43,2.23,6.89,9.26,9.32,9.41
Pharmaceuticals,39,VERY_HIGH_RELIABILITY,-1.55,-6.31,-3.08,0.15,3.3,6.45,8.6,6.3,6.46
Pharmaceuticals & Biotechnology,38,VERY_HIGH_RELIABILITY,-1.56,-7.05,-3.82,-0.58,2.16,4.9,6.72,5.48,6.47
Pipes & Tubes,18,VERY_HIGH_RELIABILITY,-0.86,-8.67,-4.75,-0.82,3.13,7.09,9.44,7.91,7.85
Plastic Pipes & Fittings,3,RESEARCH_ONLY,-1.69,-9.78,-5.74,-1.7,2.39,6.49,10.26,8.19,8.08
Plastic Pipes & Moulded Products,2,RESEARCH_ONLY,-4.98,-13.32,-7.84,-2.37,2.66,7.7,12.93,10.07,10.95
Plywood & Boards,1,RESEARCH_ONLY,-2.76,-4.36,-2.14,0.09,2.3,4.5,5.95,4.41,4.45
"Plywood, MDF & Laminates",7,MODERATE_RELIABILITY,-2.28,-9.09,-5.43,-1.78,2.03,5.85,8.23,7.63,7.31
Power,6,MODERATE_RELIABILITY,-2.8,-9.88,-5.3,-0.71,4.03,8.78,21.54,9.49,9.17
Power Generation & Distribution,1,RESEARCH_ONLY,-3.81,-8.34,-5.6,-2.85,-1.01,0.83,2.19,3.68,5.49
Power Generation & Utilities,11,HIGH_RELIABILITY,-3.47,-9.69,-6.15,-2.6,2.0,6.61,8.98,9.21,7.09
Power Sector Financing NBFC,1,RESEARCH_ONLY,-3.79,-10.16,-6.13,-2.11,2.17,6.45,9.38,8.56,8.05
Project Management & Civil Construction,1,RESEARCH_ONLY,-3.67,-12.4,-7.23,-2.06,3.81,9.67,12.58,11.73,10.34
Pumps & Compressors,10,HIGH_RELIABILITY,-2.51,-14.65,-7.81,-0.97,4.47,9.9,13.68,10.87,13.68
Railway Financing,1,RESEARCH_ONLY,-3.71,-11.66,-7.2,-2.73,2.54,7.81,10.92,10.54,8.93
Railway Infrastructure,2,RESEARCH_ONLY,-3.67,-13.1,-7.93,-2.75,4.29,11.33,17.09,14.08,10.35
Railway Infrastructure & Consulting,1,RESEARCH_ONLY,-3.71,-13.55,-8.4,-3.25,1.51,6.27,10.23,9.52,10.3
Railway Telecom,1,RESEARCH_ONLY,-1.11,-11.43,-6.63,-1.82,4.42,10.67,17.46,12.49,9.61
Railway Ticketing & Catering,1,RESEARCH_ONLY,-3.76,-10.06,-6.41,-2.76,0.67,4.11,6.52,6.87,7.3
Railway Wagons & Equipment,3,RESEARCH_ONLY,-3.69,-13.2,-8.18,-3.15,4.18,11.52,15.67,14.67,10.05
Railways,3,RESEARCH_ONLY,-1.74,-10.55,-6.14,-1.73,3.88,9.49,14.28,11.22,8.82
Realty,3,RESEARCH_ONLY,-2.02,-12.78,-7.06,-1.34,3.57,8.47,12.89,9.81,11.44
Renewable Energy,8,MODERATE_RELIABILITY,-2.9,-11.96,-6.7,-1.44,5.35,12.15,16.74,13.59,10.52
Renewable Energy - Solar & Wind,10,HIGH_RELIABILITY,-2.77,-11.3,-6.34,-1.38,3.71,8.8,12.16,10.18,9.92
Renewable Energy Financing NBFC,1,RESEARCH_ONLY,-3.7,-12.23,-7.79,-3.36,3.36,10.09,16.0,13.45,8.87
Residential & Commercial Real Estate,37,VERY_HIGH_RELIABILITY,-2.59,-11.29,-6.38,-1.48,2.69,6.85,9.33,8.33,9.81
Roads & Highways EPC,1,RESEARCH_ONLY,-3.67,-12.8,-7.53,-2.26,3.25,8.75,11.68,11.01,10.54
Rubber Chemicals,1,RESEARCH_ONLY,-3.52,-10.84,-6.81,-2.77,1.31,5.39,7.84,8.16,8.07
Saw Pipes & Ductile Iron Pipes,1,RESEARCH_ONLY,2.65,-10.68,-4.42,1.84,7.38,12.93,16.6,11.09,12.52
Semiconductors & Electronic Components,1,RESEARCH_ONLY,-4.12,-10.3,-7.11,-4.12,-1.13,2.06,4.47,6.18,6.18
Services,16,VERY_HIGH_RELIABILITY,-2.31,-9.13,-5.02,-0.91,2.4,5.7,8.16,6.61,8.22
Ship Building & Defence,3,RESEARCH_ONLY,-3.69,-12.57,-7.38,-2.2,8.57,19.35,24.32,21.55,10.37
Software Products & Digital Services,62,VERY_HIGH_RELIABILITY,-2.02,-8.05,-4.01,0.03,3.46,6.89,12.35,6.86,8.08
Specialty Chemicals,40,VERY_HIGH_RELIABILITY,-2.17,-7.96,-4.28,-0.61,2.36,5.32,7.33,5.93,7.35
Steel Manufacturing & Mining,1,RESEARCH_ONLY,-0.06,-7.52,-3.12,1.28,4.75,8.22,10.32,6.94,8.8
Stockbroking & Financial Products,16,VERY_HIGH_RELIABILITY,-2.49,-12.95,-6.86,-0.77,3.55,7.87,11.18,8.64,12.18
Structural Steel Tubes & Pipes,1,RESEARCH_ONLY,-0.08,-7.08,-3.35,0.38,5.04,9.7,11.6,9.32,7.46
Sugar & Bio-Ethanol,28,VERY_HIGH_RELIABILITY,-1.48,-8.07,-4.33,-0.58,3.56,7.69,11.97,8.27,7.49
Superalloys & Special Metals,1,RESEARCH_ONLY,-0.12,-10.23,-5.3,-0.38,5.78,11.94,18.78,12.32,9.85
Tea & Coffee,13,HIGH_RELIABILITY,-1.39,-8.7,-4.44,-0.17,4.26,8.69,12.47,8.86,8.53
Telecom Services & Infrastructure,10,HIGH_RELIABILITY,-2.94,-7.91,-4.43,-0.94,2.69,6.33,8.73,7.27,6.97
Telecommunication,6,MODERATE_RELIABILITY,-3.11,-10.19,-5.63,-1.07,3.24,7.54,10.22,8.61,9.12
Textiles,3,RESEARCH_ONLY,0.03,-6.96,-2.7,1.57,6.77,11.98,16.59,10.41,8.53
Textiles & Apparel,29,VERY_HIGH_RELIABILITY,-2.51,-10.79,-5.68,-0.57,3.67,7.91,23.09,8.48,10.22
"Textiles, Yarns & Apparel",15,VERY_HIGH_RELIABILITY,-1.21,-9.63,-5.08,-0.53,4.36,9.24,17.39,9.77,9.1
Tractors & Farm Equipment,2,RESEARCH_ONLY,-1.86,-9.95,-5.23,-0.51,8.31,17.12,457.68,17.63,9.44
Transformers & T&D Equipment,13,HIGH_RELIABILITY,-0.8,-11.57,-5.49,0.6,5.38,10.16,13.45,9.56,12.17
Travel Tech SaaS Solutions,1,RESEARCH_ONLY,2.48,-7.81,-3.31,1.2,5.24,9.28,42.97,8.08,9.01
Tyres & Rubber Products,9,MODERATE_RELIABILITY,-3.01,-11.04,-6.47,-1.91,2.23,6.36,9.66,8.27,9.13
Utilities,1,RESEARCH_ONLY,-3.7,-12.51,-7.21,-1.91,8.55,19.01,27.55,20.92,10.6
Water & Wastewater Treatment,5,MODERATE_RELIABILITY,-3.36,-9.97,-5.4,-0.83,3.73,8.29,11.5,9.12,9.14
Wealth & Asset Management,1,RESEARCH_ONLY,-0.13,-8.65,-3.38,1.9,6.43,10.96,13.6,9.06,10.55
Wires & Cables,23,VERY_HIGH_RELIABILITY,-1.6,-9.55,-4.37,0.82,6.63,12.44,18.42,11.62,10.37
Zinc & Silver Mining,1,RESEARCH_ONLY,2.52,-7.98,-3.42,1.14,9.35,17.56,25.28,16.42,9.12
